LocalTime, GPSTime, ESSID, BSSID, Power, Security, Latitude, Longitude, Latitude Error, Longitude Error, Type
2026-08-08 20:32:44,1900-01-00 00:00:00,,C2:C1:1A:0A:C0:3E,-69,,0.000000,0.000000,0.000,0.000,Client
2026-08-08 20:32:45,1900-01-00 00:00:00,,C2:C1:1A:0A:C0:3E,-70,,0.000000,0.000000,0.000,0.000,Client
2026-08-08 20:32:45,1900-01-00 00:00:00,,C2:C1:1A:0A:C0:3E,-65,,0.000000,0.000000,0.000,0.000,Client
2026-08-08 20:32:45,1900-01-00 00:00:00,,98:25:4A:CA:FA:04,-54, WPA ,0.000000,0.000000,0.000,0.000,AP
2026-08-08 20:32:45,1900-01-00 00:00:00,,98:25:4A:CA:FA:04,-60, WPA ,0.000000,0.000000,0.000,0.000,AP
2026-08-08 20:32:45,1900-01-00 00:00:00,Wifi House ,98:25:4A:CA:FA:04,-64, WPA2 ,0.000000,0.000000,0.000,0.000,AP
2026-08-08 20:32:45,1900-01-00 00:00:00,,C2:C1:1A:0A:C0:3E,-67,,0.000000,0.000000,0.000,0.000,Client
2026-08-08 20:32:45,1900-01-00 00:00:00,Wifi House ,98:25:4A:CA:FA:04,-60, WPA2 ,0.000000,0.000000,0.000,0.000,AP
2026-08-08 20:32:45,1900-01-00 00:00:00,Wifi House ,98:25:4A:CA:FA:04,-60, WPA2 ,0.000000,0.000000,0.000,0.000,AP
2026-08-08 20:32:45,1900-01-00 00:00:00,Wifi House ,98:25:4A:CA:FA:04,-60, WPA2 ,0.000000,0.000000,0.000,0.000,AP
2026-08-08 20:32:45,1900-01-00 00:00:00,Wifi House ,98:25:4A:CA:FA:04,-60, WPA2 ,0.000000,0.000000,0.000,0.000,AP
2026-08-08 20:32:45,1900-01-00 00:00:00,Wifi House ,98:25:4A:CA:FA:04,-60, WPA2 ,0.000000,0.000000,0.000,0.000,AP
2026-08-08 20:32:45,1900-01-00 00:00:00,Wifi House ,98:25:4A:CA:FA:04,-60, WPA2 ,0.000000,0.000000,0.000,0.000,AP
2026-08-08 20:32:45,1900-01-00 00:00:00,Wifi House ,98:25:4A:CA:FA:04,-60, WPA2 ,0.000000,0.000000,0.000,0.000,AP
2026-08-08 20:32:45,1900-01-00 00:00:00,Wifi House ,98:25:4A:CA:FA:04,-60, WPA2 ,0.000000,0.000000,0.000,0.000,AP
2026-08-08 20:32:45,1900-01-00 00:00:00,Wifi House ,98:25:4A:CA:FA:04,-60, WPA2 ,0.000000,0.000000,0.000,0.000,AP
2026-08-08 20:32:45,1900-01-00 00:00:00,Wifi House ,98:25:4A:CA:FA:04,-60, WPA2 ,0.000000,0.000000,0.000,0.000,AP
2026-08-08 20:32:45,1900-01-00 00:00:00,Wifi House ,98:25:4A:CA:FA:04,-60, WPA2 ,0.000000,0.000000,0.000,0.000,AP
2026-08-08 20:32:45,1900-01-00 00:00:00,Wifi House ,98:25:4A:CA:FA:04,-60, WPA2 ,0.000000,0.000000,0.000,0.000,AP
2026-08-08 20:32:45,1900-01-00 00:00:00,Wifi House ,98:25:4A:CA:FA:04,-60, WPA2 ,0.000000,0.000000,0.000,0.000,AP
2026-08-08 20:32:45,1900-01-00 00:00:00,Wifi House ,98:25:4A:CA:FA:04,-60, WPA2 ,0.000000,0.000000,0.000,0.000,AP
2026-08-08 20:32:45,1900-01-00 00:00:00,Wifi House ,98:25:4A:CA:FA:04,-60, WPA2 ,0.000000,0.000000,0.000,0.000,AP
2026-08-08 20:32:45,1900-01-00 00:00:00,Wifi House ,98:25:4A:CA:FA:04,-60, WPA2 ,0.000000,0.000000,0.000,0.000,AP
2026-08-08 20:32:45,1900-01-00 00:00:00,Wifi House ,98:25:4A:CA:FA:04,-60, WPA2 ,0.000000,0.000000,0.000,0.000,AP
2026-08-08 20:32:45,1900-01-00 00:00:00,Wifi House ,98:25:4A:CA:FA:04,-60, WPA2 ,0.000000,0.000000,0.000,0.000,AP
2026-08-08 20:32:45,1900-01-00 00:00:00,Wifi House ,98:25:4A:CA:FA:04,-60, WPA2 ,0.000000,0.000000,0.000,0.000,AP
2026-08-08 20:32:45,1900-01-00 00:00:00,Wifi House ,98:25:4A:CA:FA:04,-60, WPA2 ,0.000000,0.000000,0.000,0.000,AP
2026-08-08 20:32:45,1900-01-00 00:00:00,Wifi House ,98:25:4A:CA:FA:04,-60, WPA2 ,0.000000,0.000000,0.000,0.000,AP
2026-08-08 20:32:45,1900-01-00 00:00:00,Wifi House ,98:25:4A:CA:FA:04,-60, WPA2 ,0.000000,0.000000,0.000,0.000,AP
2026-08-08 20:32:45,1900-01-00 00:00:00,Wifi House ,98:25:4A:CA:FA:04,-60, WPA2 ,0.000000,0.000000,0.000,0.000,AP
2026-08-08 20:32:45,1900-01-00 00:00:00,Wifi House ,98:25:4A:CA:FA:04,-60, WPA2 ,0.000000,0.000000,0.000,0.000,AP
2026-08-08 20:32:45,1900-01-00 00:00:00,Wifi House ,98:25:4A:CA:FA:04,-60, WPA2 ,0.000000,0.000000,0.000,0.000,AP
2026-08-08 20:32:45,1900-01-00 00:00:00,Wifi House ,98:25:4A:CA:FA:04,-60, WPA2 ,0.000000,0.000000,0.000,0.000,AP
2026-08-08 20:32:45,1900-01-00 00:00:00,Wifi House ,98:25:4A:CA:FA:04,-60, WPA2 ,0.000000,0.000000,0.000,0.000,AP
2026-08-08 20:32:45,1900-01-00 00:00:00,Wifi House ,98:25:4A:CA:FA:04,-60, WPA2 ,0.000000,0.000000,0.000,0.000,AP
2026-08-08 20:32:45,1900-01-00 00:00:00,Wifi House ,98:25:4A:CA:FA:04,-60, WPA2 ,0.000000,0.000000,0.000,0.000,AP
2026-08-08 20:32:45,1900-01-00 00:00:00,Wifi House ,98:25:4A:CA:FA:04,-60, WPA2 ,0.000000,0.000000,0.000,0.000,AP
2026-08-08 20:32:45,1900-01-00 00:00:00,Wifi House ,98:25:4A:CA:FA:04,-60, WPA2 ,0.000000,0.000000,0.000,0.000,AP
2026-08-08 20:32:45,1900-01-00 00:00:00,Wifi House ,98:25:4A:CA:FA:04,-60, WPA2 ,0.000000,0.000000,0.000,0.000,AP
2026-08-08 20:32:45,1900-01-00 00:00:00,Wifi House ,98:25:4A:CA:FA:04,-60, WPA2 ,0.000000,0.000000,0.000,0.000,AP
2026-08-08 20:32:45,1900-01-00 00:00:00,Wifi House ,98:25:4A:CA:FA:04,-78, WPA2 ,0.000000,0.000000,0.000,0.000,AP
2026-08-08 20:32:45,1900-01-00 00:00:00,Wifi House ,98:25:4A:CA:FA:04,-78, WPA2 ,0.000000,0.000000,0.000,0.000,AP
2026-08-08 20:32:45,1900-01-00 00:00:00,Wifi House ,98:25:4A:CA:FA:04,-61, WPA2 ,0.000000,0.000000,0.000,0.000,AP
2026-08-08 20:32:45,1900-01-00 00:00:00,Wifi House ,98:25:4A:CA:FA:04,-78, WPA2 ,0.000000,0.000000,0.000,0.000,AP
2026-08-08 20:32:45,1900-01-00 00:00:00,Wifi House ,98:25:4A:CA:FA:04,-78, WPA2 ,0.000000,0.000000,0.000,0.000,AP
2026-08-08 20:32:45,1900-01-00 00:00:00,Wifi House ,98:25:4A:CA:FA:04,-78, WPA2 ,0.000000,0.000000,0.000,0.000,AP
2026-08-08 20:32:45,1900-01-00 00:00:00,Wifi House ,98:25:4A:CA:FA:04,-78, WPA2 ,0.000000,0.000000,0.000,0.000,AP
2026-08-08 20:32:45,1900-01-00 00:00:00,Wifi House ,98:25:4A:CA:FA:04,-78, WPA2 ,0.000000,0.000000,0.000,0.000,AP
2026-08-08 20:32:45,1900-01-00 00:00:00,Wifi House ,98:25:4A:CA:FA:04,-78, WPA2 ,0.000000,0.000000,0.000,0.000,AP
2026-08-08 20:32:45,1900-01-00 00:00:00,Wifi House ,98:25:4A:CA:FA:04,-78, WPA2 ,0.000000,0.000000,0.000,0.000,AP
2026-08-08 20:32:45,1900-01-00 00:00:00,Wifi House ,98:25:4A:CA:FA:04,-67, WPA2 ,0.000000,0.000000,0.000,0.000,AP
2026-08-08 20:32:45,1900-01-00 00:00:00,Wifi House ,98:25:4A:CA:FA:04,-67, WPA2 ,0.000000,0.000000,0.000,0.000,AP
2026-08-08 20:32:45,1900-01-00 00:00:00,Wifi House ,98:25:4A:CA:FA:04,-68, WPA2 ,0.000000,0.000000,0.000,0.000,AP
2026-08-08 20:32:45,1900-01-00 00:00:00,Wifi House ,98:25:4A:CA:FA:04,-68, WPA2 ,0.000000,0.000000,0.000,0.000,AP
2026-08-08 20:32:45,1900-01-00 00:00:00,Wifi House ,98:25:4A:CA:FA:04,-68, WPA2 ,0.000000,0.000000,0.000,0.000,AP
2026-08-08 20:32:45,1900-01-00 00:00:00,Wifi House ,98:25:4A:CA:FA:04,-68, WPA2 ,0.000000,0.000000,0.000,0.000,AP
2026-08-08 20:32:45,1900-01-00 00:00:00,Wifi House ,98:25:4A:CA:FA:04,-68, WPA2 ,0.000000,0.000000,0.000,0.000,AP
2026-08-08 20:32:45,1900-01-00 00:00:00,Wifi House ,98:25:4A:CA:FA:04,-68, WPA2 ,0.000000,0.000000,0.000,0.000,AP
2026-08-08 20:32:45,1900-01-00 00:00:00,Wifi House ,98:25:4A:CA:FA:04,-68, WPA2 ,0.000000,0.000000,0.000,0.000,AP
2026-08-08 20:32:45,1900-01-00 00:00:00,Wifi House ,98:25:4A:CA:FA:04,-68, WPA2 ,0.000000,0.000000,0.000,0.000,AP
2026-08-08 20:32:45,1900-01-00 00:00:00,Wifi House ,98:25:4A:CA:FA:04,-68, WPA2 ,0.000000,0.000000,0.000,0.000,AP
2026-08-08 20:32:45,1900-01-00 00:00:00,Wifi House ,98:25:4A:CA:FA:04,-68, WPA2 ,0.000000,0.000000,0.000,0.000,AP
2026-08-08 20:32:45,1900-01-00 00:00:00,Wifi House ,98:25:4A:CA:FA:04,-68, WPA2 ,0.000000,0.000000,0.000,0.000,AP
2026-08-08 20:32:45,1900-01-00 00:00:00,Wifi House ,98:25:4A:CA:FA:04,-79, WPA2 ,0.000000,0.000000,0.000,0.000,AP
2026-08-08 20:32:45,1900-01-00 00:00:00,Wifi House ,98:25:4A:CA:FA:04,-79, WPA2 ,0.000000,0.000000,0.000,0.000,AP
2026-08-08 20:32:45,1900-01-00 00:00:00,Wifi House ,98:25:4A:CA:FA:04,-79, WPA2 ,0.000000,0.000000,0.000,0.000,AP
2026-08-08 20:32:45,1900-01-00 00:00:00,Wifi House ,98:25:4A:CA:FA:04,-79, WPA2 ,0.000000,0.000000,0.000,0.000,AP
2026-08-08 20:32:45,1900-01-00 00:00:00,Wifi House ,98:25:4A:CA:FA:04,-79, WPA2 ,0.000000,0.000000,0.000,0.000,AP
2026-08-08 20:32:45,1900-01-00 00:00:00,Wifi House ,98:25:4A:CA:FA:04,-79, WPA2 ,0.000000,0.000000,0.000,0.000,AP
2026-08-08 20:32:45,1900-01-00 00:00:00,Wifi House ,98:25:4A:CA:FA:04,-79, WPA2 ,0.000000,0.000000,0.000,0.000,AP
2026-08-08 20:32:45,1900-01-00 00:00:00,Wifi House ,98:25:4A:CA:FA:04,-81, WPA2 ,0.000000,0.000000,0.000,0.000,AP
2026-08-08 20:32:45,1900-01-00 00:00:00,Wifi House ,98:25:4A:CA:FA:04,-81, WPA2 ,0.000000,0.000000,0.000,0.000,AP
2026-08-08 20:32:45,1900-01-00 00:00:00,Wifi House ,98:25:4A:CA:FA:04,-81, WPA2 ,0.000000,0.000000,0.000,0.000,AP
2026-08-08 20:32:45,1900-01-00 00:00:00,Wifi House ,98:25:4A:CA:FA:04,-81, WPA2 ,0.000000,0.000000,0.000,0.000,AP
2026-08-08 20:32:45,1900-01-00 00:00:00,Wifi House ,98:25:4A:CA:FA:04,-81, WPA2 ,0.000000,0.000000,0.000,0.000,AP
2026-08-08 20:32:45,1900-01-00 00:00:00,Wifi House ,98:25:4A:CA:FA:04,-81, WPA2 ,0.000000,0.000000,0.000,0.000,AP
2026-08-08 20:32:45,1900-01-00 00:00:00,Wifi House ,98:25:4A:CA:FA:04,-81, WPA2 ,0.000000,0.000000,0.000,0.000,AP
2026-08-08 20:32:45,1900-01-00 00:00:00,Wifi House ,98:25:4A:CA:FA:04,-81, WPA2 ,0.000000,0.000000,0.000,0.000,AP
2026-08-08 20:32:45,1900-01-00 00:00:00,Wifi House ,98:25:4A:CA:FA:04,-81, WPA2 ,0.000000,0.000000,0.000,0.000,AP
2026-08-08 20:32:45,1900-01-00 00:00:00,Wifi House ,98:25:4A:CA:FA:04,-81, WPA2 ,0.000000,0.000000,0.000,0.000,AP
2026-08-08 20:32:45,1900-01-00 00:00:00,Wifi House ,98:25:4A:CA:FA:04,-81, WPA2 ,0.000000,0.000000,0.000,0.000,AP
2026-08-08 20:32:45,1900-01-00 00:00:00,Wifi House ,98:25:4A:CA:FA:04,-81, WPA2 ,0.000000,0.000000,0.000,0.000,AP
2026-08-08 20:32:45,1900-01-00 00:00:00,Wifi House ,98:25:4A:CA:FA:04,-81, WPA2 ,0.000000,0.000000,0.000,0.000,AP
2026-08-08 20:32:45,1900-01-00 00:00:00,Wifi House ,98:25:4A:CA:FA:04,-81, WPA2 ,0.000000,0.000000,0.000,0.000,AP
2026-08-08 20:32:45,1900-01-00 00:00:00,Wifi House ,98:25:4A:CA:FA:04,-81, WPA2 ,0.000000,0.000000,0.000,0.000,AP
2026-08-08 20:32:45,1900-01-00 00:00:00,Wifi House ,98:25:4A:CA:FA:04,-81, WPA2 ,0.000000,0.000000,0.000,0.000,AP
2026-08-08 20:32:45,1900-01-00 00:00:00,Wifi House ,98:25:4A:CA:FA:04,-81, WPA2 ,0.000000,0.000000,0.000,0.000,AP
2026-08-08 20:32:45,1900-01-00 00:00:00,Wifi House ,98:25:4A:CA:FA:04,-81, WPA2 ,0.000000,0.000000,0.000,0.000,AP
2026-08-08 20:32:45,1900-01-00 00:00:00,Wifi House ,98:25:4A:CA:FA:04,-81, WPA2 ,0.000000,0.000000,0.000,0.000,AP
2026-08-08 20:32:45,1900-01-00 00:00:00,Wifi House ,98:25:4A:CA:FA:04,-81, WPA2 ,0.000000,0.000000,0.000,0.000,AP
2026-08-08 20:32:45,1900-01-00 00:00:00,Wifi House ,98:25:4A:CA:FA:04,-81, WPA2 ,0.000000,0.000000,0.000,0.000,AP
2026-08-08 20:32:45,1900-01-00 00:00:00,Wifi House ,98:25:4A:CA:FA:04,-81, WPA2 ,0.000000,0.000000,0.000,0.000,AP
2026-08-08 20:32:45,1900-01-00 00:00:00,Wifi House ,98:25:4A:CA:FA:04,-78, WPA2 ,0.000000,0.000000,0.000,0.000,AP
2026-08-08 20:32:45,1900-01-00 00:00:00,Wifi House ,98:25:4A:CA:FA:04,-78, WPA2 ,0.000000,0.000000,0.000,0.000,AP
2026-08-08 20:32:45,1900-01-00 00:00:00,Wifi House ,98:25:4A:CA:FA:04,-78, WPA2 ,0.000000,0.000000,0.000,0.000,AP
2026-08-08 20:32:45,1900-01-00 00:00:00,Wifi House ,98:25:4A:CA:FA:04,-78, WPA2 ,0.000000,0.000000,0.000,0.000,AP
2026-08-08 20:32:45,1900-01-00 00:00:00,Wifi House ,98:25:4A:CA:FA:04,-78, WPA2 ,0.000000,0.000000,0.000,0.000,AP
2026-08-08 20:32:45,1900-01-00 00:00:00,Wifi House ,98:25:4A:CA:FA:04,-78, WPA2 ,0.000000,0.000000,0.000,0.000,AP
2026-08-08 20:32:45,1900-01-00 00:00:00,Wifi House ,98:25:4A:CA:FA:04,-78, WPA2 ,0.000000,0.000000,0.000,0.000,AP
2026-08-08 20:32:45,1900-01-00 00:00:00,Wifi House ,98:25:4A:CA:FA:04,-78, WPA2 ,0.000000,0.000000,0.000,0.000,AP
2026-08-08 20:32:45,1900-01-00 00:00:00,Wifi House ,98:25:4A:CA:FA:04,-78, WPA2 ,0.000000,0.000000,0.000,0.000,AP
2026-08-08 20:32:45,1900-01-00 00:00:00,Wifi House ,98:25:4A:CA:FA:04,-78, WPA2 ,0.000000,0.000000,0.000,0.000,AP
2026-08-08 20:32:45,1900-01-00 00:00:00,Wifi House ,98:25:4A:CA:FA:04,-78, WPA2 ,0.000000,0.000000,0.000,0.000,AP
2026-08-08 20:32:45,1900-01-00 00:00:00,Wifi House ,98:25:4A:CA:FA:04,-78, WPA2 ,0.000000,0.000000,0.000,0.000,AP
2026-08-08 20:32:45,1900-01-00 00:00:00,Wifi House ,98:25:4A:CA:FA:04,-78, WPA2 ,0.000000,0.000000,0.000,0.000,AP
2026-08-08 20:32:45,1900-01-00 00:00:00,Wifi House ,98:25:4A:CA:FA:04,-78, WPA2 ,0.000000,0.000000,0.000,0.000,AP
2026-08-08 20:32:45,1900-01-00 00:00:00,Wifi House ,98:25:4A:CA:FA:04,-78, WPA2 ,0.000000,0.000000,0.000,0.000,AP
2026-08-08 20:32:45,1900-01-00 00:00:00,Wifi House ,98:25:4A:CA:FA:04,-78, WPA2 ,0.000000,0.000000,0.000,0.000,AP
2026-08-08 20:32:45,1900-01-00 00:00:00,Wifi House ,98:25:4A:CA:FA:04,-78, WPA2 ,0.000000,0.000000,0.000,0.000,AP
2026-08-08 20:32:45,1900-01-00 00:00:00,Wifi House ,98:25:4A:CA:FA:04,-78, WPA2 ,0.000000,0.000000,0.000,0.000,AP
2026-08-08 20:32:46,1900-01-00 00:00:00,Wifi House ,98:25:4A:CA:FA:04,-78, WPA2 ,0.000000,0.000000,0.000,0.000,AP
2026-08-08 20:32:46,1900-01-00 00:00:00,Wifi House ,98:25:4A:CA:FA:04,-78, WPA2 ,0.000000,0.000000,0.000,0.000,AP
2026-08-08 20:32:46,1900-01-00 00:00:00,Wifi House ,98:25:4A:CA:FA:04,-78, WPA2 ,0.000000,0.000000,0.000,0.000,AP
2026-08-08 20:32:46,1900-01-00 00:00:00,Wifi House ,98:25:4A:CA:FA:04,-78, WPA2 ,0.000000,0.000000,0.000,0.000,AP
2026-08-08 20:32:46,1900-01-00 00:00:00,Wifi House ,98:25:4A:CA:FA:04,-78, WPA2 ,0.000000,0.000000,0.000,0.000,AP
2026-08-08 20:32:46,1900-01-00 00:00:00,Wifi House ,98:25:4A:CA:FA:04,-78, WPA2 ,0.000000,0.000000,0.000,0.000,AP
2026-08-08 20:32:46,1900-01-00 00:00:00,Wifi House ,98:25:4A:CA:FA:04,-78, WPA2 ,0.000000,0.000000,0.000,0.000,AP
2026-08-08 20:32:46,1900-01-00 00:00:00,Wifi House ,98:25:4A:CA:FA:04,-79, WPA2 ,0.000000,0.000000,0.000,0.000,AP
2026-08-08 20:32:46,1900-01-00 00:00:00,Wifi House ,98:25:4A:CA:FA:04,-79, WPA2 ,0.000000,0.000000,0.000,0.000,AP
2026-08-08 20:32:46,1900-01-00 00:00:00,Wifi House ,98:25:4A:CA:FA:04,-79, WPA2 ,0.000000,0.000000,0.000,0.000,AP
2026-08-08 20:32:46,1900-01-00 00:00:00,Wifi House ,98:25:4A:CA:FA:04,-79, WPA2 ,0.000000,0.000000,0.000,0.000,AP
2026-08-08 20:32:46,1900-01-00 00:00:00,Wifi House ,98:25:4A:CA:FA:04,-75, WPA2 ,0.000000,0.000000,0.000,0.000,AP
2026-08-08 20:32:46,1900-01-00 00:00:00,Wifi House ,98:25:4A:CA:FA:04,-75, WPA2 ,0.000000,0.000000,0.000,0.000,AP
2026-08-08 20:32:46,1900-01-00 00:00:00,Wifi House ,98:25:4A:CA:FA:04,-63, WPA2 ,0.000000,0.000000,0.000,0.000,AP
2026-08-08 20:32:46,1900-01-00 00:00:00,Wifi House ,98:25:4A:CA:FA:04,-63, WPA2 ,0.000000,0.000000,0.000,0.000,AP
2026-08-08 20:32:46,1900-01-00 00:00:00,Wifi House ,98:25:4A:CA:FA:04,-63, WPA2 ,0.000000,0.000000,0.000,0.000,AP
2026-08-08 20:32:46,1900-01-00 00:00:00,Wifi House ,98:25:4A:CA:FA:04,-63, WPA2 ,0.000000,0.000000,0.000,0.000,AP
2026-08-08 20:32:46,1900-01-00 00:00:00,Wifi House ,98:25:4A:CA:FA:04,-63, WPA2 ,0.000000,0.000000,0.000,0.000,AP
2026-08-08 20:32:46,1900-01-00 00:00:00,Wifi House ,98:25:4A:CA:FA:04,-74, WPA2 ,0.000000,0.000000,0.000,0.000,AP
2026-08-08 20:32:46,1900-01-00 00:00:00,Wifi House ,98:25:4A:CA:FA:04,-74, WPA2 ,0.000000,0.000000,0.000,0.000,AP
2026-08-08 20:32:46,1900-01-00 00:00:00,Wifi House ,98:25:4A:CA:FA:04,-74, WPA2 ,0.000000,0.000000,0.000,0.000,AP
2026-08-08 20:32:46,1900-01-00 00:00:00,Wifi House ,98:25:4A:CA:FA:04,-74, WPA2 ,0.000000,0.000000,0.000,0.000,AP
2026-08-08 20:32:46,1900-01-00 00:00:00,Wifi House ,98:25:4A:CA:FA:04,-74, WPA2 ,0.000000,0.000000,0.000,0.000,AP
2026-08-08 20:32:46,1900-01-00 00:00:00,Wifi House ,98:25:4A:CA:FA:04,-74, WPA2 ,0.000000,0.000000,0.000,0.000,AP
2026-08-08 20:32:46,1900-01-00 00:00:00,Wifi House ,98:25:4A:CA:FA:04,-74, WPA2 ,0.000000,0.000000,0.000,0.000,AP
2026-08-08 20:32:46,1900-01-00 00:00:00,Wifi House ,98:25:4A:CA:FA:04,-74, WPA2 ,0.000000,0.000000,0.000,0.000,AP
2026-08-08 20:32:46,1900-01-00 00:00:00,Wifi House ,98:25:4A:CA:FA:04,-74, WPA2 ,0.000000,0.000000,0.000,0.000,AP
2026-08-08 20:32:46,1900-01-00 00:00:00,Wifi House ,98:25:4A:CA:FA:04,-74, WPA2 ,0.000000,0.000000,0.000,0.000,AP
2026-08-08 20:32:46,1900-01-00 00:00:00,Wifi House ,98:25:4A:CA:FA:04,-74, WPA2 ,0.000000,0.000000,0.000,0.000,AP
2026-08-08 20:32:46,1900-01-00 00:00:00,Wifi House ,98:25:4A:CA:FA:04,-74, WPA2 ,0.000000,0.000000,0.000,0.000,AP
2026-08-08 20:32:46,1900-01-00 00:00:00,Wifi House ,98:25:4A:CA:FA:04,-74, WPA2 ,0.000000,0.000000,0.000,0.000,AP
2026-08-08 20:32:46,1900-01-00 00:00:00,Wifi House ,98:25:4A:CA:FA:04,-74, WPA2 ,0.000000,0.000000,0.000,0.000,AP
2026-08-08 20:32:46,1900-01-00 00:00:00,Wifi House ,98:25:4A:CA:FA:04,-74, WPA2 ,0.000000,0.000000,0.000,0.000,AP
2026-08-08 20:32:46,1900-01-00 00:00:00,Wifi House ,98:25:4A:CA:FA:04,-74, WPA2 ,0.000000,0.000000,0.000,0.000,AP
2026-08-08 20:32:46,1900-01-00 00:00:00,Wifi House ,98:25:4A:CA:FA:04,-74, WPA2 ,0.000000,0.000000,0.000,0.000,AP
2026-08-08 20:32:46,1900-01-00 00:00:00,Wifi House ,98:25:4A:CA:FA:04,-74, WPA2 ,0.000000,0.000000,0.000,0.000,AP
2026-08-08 20:32:46,1900-01-00 00:00:00,Wifi House ,98:25:4A:CA:FA:04,-74, WPA2 ,0.000000,0.000000,0.000,0.000,AP
2026-08-08 20:32:46,1900-01-00 00:00:00,Wifi House ,98:25:4A:CA:FA:04,-74, WPA2 ,0.000000,0.000000,0.000,0.000,AP
2026-08-08 20:32:46,1900-01-00 00:00:00,Wifi House ,98:25:4A:CA:FA:04,-74, WPA2 ,0.000000,0.000000,0.000,0.000,AP
2026-08-08 20:32:46,1900-01-00 00:00:00,Wifi House ,98:25:4A:CA:FA:04,-74, WPA2 ,0.000000,0.000000,0.000,0.000,AP
2026-08-08 20:32:46,1900-01-00 00:00:00,Wifi House ,98:25:4A:CA:FA:04,-74, WPA2 ,0.000000,0.000000,0.000,0.000,AP
2026-08-08 20:32:46,1900-01-00 00:00:00,Wifi House ,98:25:4A:CA:FA:04,-74, WPA2 ,0.000000,0.000000,0.000,0.000,AP
2026-08-08 20:32:46,1900-01-00 00:00:00,Wifi House ,98:25:4A:CA:FA:04,-74, WPA2 ,0.000000,0.000000,0.000,0.000,AP
2026-08-08 20:32:46,1900-01-00 00:00:00,Wifi House ,98:25:4A:CA:FA:04,-74, WPA2 ,0.000000,0.000000,0.000,0.000,AP
2026-08-08 20:32:46,1900-01-00 00:00:00,Wifi House ,98:25:4A:CA:FA:04,-74, WPA2 ,0.000000,0.000000,0.000,0.000,AP
2026-08-08 20:32:46,1900-01-00 00:00:00,Wifi House ,98:25:4A:CA:FA:04,-76, WPA2 ,0.000000,0.000000,0.000,0.000,AP
2026-08-08 20:32:46,1900-01-00 00:00:00,Wifi House ,98:25:4A:CA:FA:04,-76, WPA2 ,0.000000,0.000000,0.000,0.000,AP
2026-08-08 20:32:46,1900-01-00 00:00:00,Wifi House ,98:25:4A:CA:FA:04,-76, WPA2 ,0.000000,0.000000,0.000,0.000,AP
2026-08-08 20:32:46,1900-01-00 00:00:00,Wifi House ,98:25:4A:CA:FA:04,-77, WPA2 ,0.000000,0.000000,0.000,0.000,AP
2026-08-08 20:32:46,1900-01-00 00:00:00,Wifi House ,98:25:4A:CA:FA:04,-77, WPA2 ,0.000000,0.000000,0.000,0.000,AP
2026-08-08 20:32:46,1900-01-00 00:00:00,Wifi House ,98:25:4A:CA:FA:04,-77, WPA2 ,0.000000,0.000000,0.000,0.000,AP
2026-08-08 20:32:46,1900-01-00 00:00:00,Wifi House ,98:25:4A:CA:FA:04,-77, WPA2 ,0.000000,0.000000,0.000,0.000,AP
2026-08-08 20:32:46,1900-01-00 00:00:00,Wifi House ,98:25:4A:CA:FA:04,-77, WPA2 ,0.000000,0.000000,0.000,0.000,AP
2026-08-08 20:32:46,1900-01-00 00:00:00,Wifi House ,98:25:4A:CA:FA:04,-77, WPA2 ,0.000000,0.000000,0.000,0.000,AP
2026-08-08 20:32:46,1900-01-00 00:00:00,Wifi House ,98:25:4A:CA:FA:04,-77, WPA2 ,0.000000,0.000000,0.000,0.000,AP
2026-08-08 20:32:46,1900-01-00 00:00:00,Wifi House ,98:25:4A:CA:FA:04,-77, WPA2 ,0.000000,0.000000,0.000,0.000,AP
2026-08-08 20:32:46,1900-01-00 00:00:00,Wifi House ,98:25:4A:CA:FA:04,-77, WPA2 ,0.000000,0.000000,0.000,0.000,AP
2026-08-08 20:32:46,1900-01-00 00:00:00,Wifi House ,98:25:4A:CA:FA:04,-77, WPA2 ,0.000000,0.000000,0.000,0.000,AP
2026-08-08 20:32:46,1900-01-00 00:00:00,Wifi House ,98:25:4A:CA:FA:04,-77, WPA2 ,0.000000,0.000000,0.000,0.000,AP
2026-08-08 20:32:46,1900-01-00 00:00:00,Wifi House ,98:25:4A:CA:FA:04,-77, WPA2 ,0.000000,0.000000,0.000,0.000,AP
2026-08-08 20:32:46,1900-01-00 00:00:00,Wifi House ,98:25:4A:CA:FA:04,-77, WPA2 ,0.000000,0.000000,0.000,0.000,AP
2026-08-08 20:32:46,1900-01-00 00:00:00,Wifi House ,98:25:4A:CA:FA:04,-77, WPA2 ,0.000000,0.000000,0.000,0.000,AP
2026-08-08 20:32:46,1900-01-00 00:00:00,Wifi House ,98:25:4A:CA:FA:04,-77, WPA2 ,0.000000,0.000000,0.000,0.000,AP
2026-08-08 20:32:46,1900-01-00 00:00:00,Wifi House ,98:25:4A:CA:FA:04,-77, WPA2 ,0.000000,0.000000,0.000,0.000,AP
2026-08-08 20:32:46,1900-01-00 00:00:00,Wifi House ,98:25:4A:CA:FA:04,-77, WPA2 ,0.000000,0.000000,0.000,0.000,AP
2026-08-08 20:32:46,1900-01-00 00:00:00,Wifi House ,98:25:4A:CA:FA:04,-77, WPA2 ,0.000000,0.000000,0.000,0.000,AP
2026-08-08 20:32:46,1900-01-00 00:00:00,Wifi House ,98:25:4A:CA:FA:04,-77, WPA2 ,0.000000,0.000000,0.000,0.000,AP
2026-08-08 20:32:46,1900-01-00 00:00:00,Wifi House ,98:25:4A:CA:FA:04,-77, WPA2 ,0.000000,0.000000,0.000,0.000,AP
2026-08-08 20:32:46,1900-01-00 00:00:00,Wifi House ,98:25:4A:CA:FA:04,-77, WPA2 ,0.000000,0.000000,0.000,0.000,AP
2026-08-08 20:32:46,1900-01-00 00:00:00,Wifi House ,98:25:4A:CA:FA:04,-77, WPA2 ,0.000000,0.000000,0.000,0.000,AP
2026-08-08 20:32:46,1900-01-00 00:00:00,Wifi House ,98:25:4A:CA:FA:04,-77, WPA2 ,0.000000,0.000000,0.000,0.000,AP
2026-08-08 20:32:46,1900-01-00 00:00:00,Wifi House ,98:25:4A:CA:FA:04,-77, WPA2 ,0.000000,0.000000,0.000,0.000,AP
2026-08-08 20:32:46,1900-01-00 00:00:00,Wifi House ,98:25:4A:CA:FA:04,-77, WPA2 ,0.000000,0.000000,0.000,0.000,AP
2026-08-08 20:32:46,1900-01-00 00:00:00,Wifi House ,98:25:4A:CA:FA:04,-77, WPA2 ,0.000000,0.000000,0.000,0.000,AP
2026-08-08 20:32:46,1900-01-00 00:00:00,Wifi House ,98:25:4A:CA:FA:04,-77, WPA2 ,0.000000,0.000000,0.000,0.000,AP
2026-08-08 20:32:46,1900-01-00 00:00:00,Wifi House ,98:25:4A:CA:FA:04,-77, WPA2 ,0.000000,0.000000,0.000,0.000,AP
2026-08-08 20:32:46,1900-01-00 00:00:00,Wifi House ,98:25:4A:CA:FA:04,-77, WPA2 ,0.000000,0.000000,0.000,0.000,AP
2026-08-08 20:32:46,1900-01-00 00:00:00,Wifi House ,98:25:4A:CA:FA:04,-77, WPA2 ,0.000000,0.000000,0.000,0.000,AP
2026-08-08 20:32:46,1900-01-00 00:00:00,Wifi House ,98:25:4A:CA:FA:04,-77, WPA2 ,0.000000,0.000000,0.000,0.000,AP
2026-08-08 20:32:46,1900-01-00 00:00:00,Wifi House ,98:25:4A:CA:FA:04,-77, WPA2 ,0.000000,0.000000,0.000,0.000,AP
2026-08-08 20:32:46,1900-01-00 00:00:00,Wifi House ,98:25:4A:CA:FA:04,-77, WPA2 ,0.000000,0.000000,0.000,0.000,AP
2026-08-08 20:32:46,1900-01-00 00:00:00,Wifi House ,98:25:4A:CA:FA:04,-77, WPA2 ,0.000000,0.000000,0.000,0.000,AP
2026-08-08 20:32:46,1900-01-00 00:00:00,Wifi House ,98:25:4A:CA:FA:04,-77, WPA2 ,0.000000,0.000000,0.000,0.000,AP
2026-08-08 20:32:46,1900-01-00 00:00:00,Wifi House ,98:25:4A:CA:FA:04,-77, WPA2 ,0.000000,0.000000,0.000,0.000,AP
2026-08-08 20:32:46,1900-01-00 00:00:00,Wifi House ,98:25:4A:CA:FA:04,-77, WPA2 ,0.000000,0.000000,0.000,0.000,AP
2026-08-08 20:32:46,1900-01-00 00:00:00,Wifi House ,98:25:4A:CA:FA:04,-77, WPA2 ,0.000000,0.000000,0.000,0.000,AP
2026-08-08 20:32:46,1900-01-00 00:00:00,Wifi House ,98:25:4A:CA:FA:04,-77, WPA2 ,0.000000,0.000000,0.000,0.000,AP
2026-08-08 20:32:46,1900-01-00 00:00:00,Wifi House ,98:25:4A:CA:FA:04,-77, WPA2 ,0.000000,0.000000,0.000,0.000,AP
2026-08-08 20:32:46,1900-01-00 00:00:00,Wifi House ,98:25:4A:CA:FA:04,-77, WPA2 ,0.000000,0.000000,0.000,0.000,AP
2026-08-08 20:32:46,1900-01-00 00:00:00,Wifi House ,98:25:4A:CA:FA:04,-77, WPA2 ,0.000000,0.000000,0.000,0.000,AP
2026-08-08 20:32:46,1900-01-00 00:00:00,Wifi House ,98:25:4A:CA:FA:04,-77, WPA2 ,0.000000,0.000000,0.000,0.000,AP
2026-08-08 20:32:46,1900-01-00 00:00:00,Wifi House ,98:25:4A:CA:FA:04,-77, WPA2 ,0.000000,0.000000,0.000,0.000,AP
2026-08-08 20:32:46,1900-01-00 00:00:00,Wifi House ,98:25:4A:CA:FA:04,-77, WPA2 ,0.000000,0.000000,0.000,0.000,AP
2026-08-08 20:32:46,1900-01-00 00:00:00,Wifi House ,98:25:4A:CA:FA:04,-77, WPA2 ,0.000000,0.000000,0.000,0.000,AP
2026-08-08 20:32:46,1900-01-00 00:00:00,Wifi House ,98:25:4A:CA:FA:04,-78, WPA2 ,0.000000,0.000000,0.000,0.000,AP
2026-08-08 20:32:46,1900-01-00 00:00:00,Wifi House ,98:25:4A:CA:FA:04,-78, WPA2 ,0.000000,0.000000,0.000,0.000,AP
2026-08-08 20:32:46,1900-01-00 00:00:00,Wifi House ,98:25:4A:CA:FA:04,-78, WPA2 ,0.000000,0.000000,0.000,0.000,AP
2026-08-08 20:32:46,1900-01-00 00:00:00,Wifi House ,98:25:4A:CA:FA:04,-78, WPA2 ,0.000000,0.000000,0.000,0.000,AP
2026-08-08 20:32:46,1900-01-00 00:00:00,Wifi House ,98:25:4A:CA:FA:04,-78, WPA2 ,0.000000,0.000000,0.000,0.000,AP
2026-08-08 20:32:46,1900-01-00 00:00:00,Wifi House ,98:25:4A:CA:FA:04,-78, WPA2 ,0.000000,0.000000,0.000,0.000,AP
2026-08-08 20:32:46,1900-01-00 00:00:00,Wifi House ,98:25:4A:CA:FA:04,-78, WPA2 ,0.000000,0.000000,0.000,0.000,AP
2026-08-08 20:32:46,1900-01-00 00:00:00,Wifi House ,98:25:4A:CA:FA:04,-78, WPA2 ,0.000000,0.000000,0.000,0.000,AP
2026-08-08 20:32:46,1900-01-00 00:00:00,Wifi House ,98:25:4A:CA:FA:04,-78, WPA2 ,0.000000,0.000000,0.000,0.000,AP
2026-08-08 20:32:46,1900-01-00 00:00:00,Wifi House ,98:25:4A:CA:FA:04,-78, WPA2 ,0.000000,0.000000,0.000,0.000,AP
2026-08-08 20:32:46,1900-01-00 00:00:00,Wifi House ,98:25:4A:CA:FA:04,-78, WPA2 ,0.000000,0.000000,0.000,0.000,AP
2026-08-08 20:32:46,1900-01-00 00:00:00,Wifi House ,98:25:4A:CA:FA:04,-78, WPA2 ,0.000000,0.000000,0.000,0.000,AP
2026-08-08 20:32:46,1900-01-00 00:00:00,Wifi House ,98:25:4A:CA:FA:04,-78, WPA2 ,0.000000,0.000000,0.000,0.000,AP
2026-08-08 20:32:46,1900-01-00 00:00:00,Wifi House ,98:25:4A:CA:FA:04,-78, WPA2 ,0.000000,0.000000,0.000,0.000,AP
2026-08-08 20:32:46,1900-01-00 00:00:00,Wifi House ,98:25:4A:CA:FA:04,-78, WPA2 ,0.000000,0.000000,0.000,0.000,AP
2026-08-08 20:32:46,1900-01-00 00:00:00,Wifi House ,98:25:4A:CA:FA:04,-78, WPA2 ,0.000000,0.000000,0.000,0.000,AP
2026-08-08 20:32:46,1900-01-00 00:00:00,Wifi House ,98:25:4A:CA:FA:04,-78, WPA2 ,0.000000,0.000000,0.000,0.000,AP
2026-08-08 20:32:46,1900-01-00 00:00:00,Wifi House ,98:25:4A:CA:FA:04,-78, WPA2 ,0.000000,0.000000,0.000,0.000,AP
2026-08-08 20:32:46,1900-01-00 00:00:00,Wifi House ,98:25:4A:CA:FA:04,-78, WPA2 ,0.000000,0.000000,0.000,0.000,AP
2026-08-08 20:32:46,1900-01-00 00:00:00,Wifi House ,98:25:4A:CA:FA:04,-78, WPA2 ,0.000000,0.000000,0.000,0.000,AP
2026-08-08 20:32:46,1900-01-00 00:00:00,Wifi House ,98:25:4A:CA:FA:04,-78, WPA2 ,0.000000,0.000000,0.000,0.000,AP
2026-08-08 20:32:46,1900-01-00 00:00:00,Wifi House ,98:25:4A:CA:FA:04,-78, WPA2 ,0.000000,0.000000,0.000,0.000,AP
2026-08-08 20:32:46,1900-01-00 00:00:00,Wifi House ,98:25:4A:CA:FA:04,-78, WPA2 ,0.000000,0.000000,0.000,0.000,AP
2026-08-08 20:32:46,1900-01-00 00:00:00,Wifi House ,98:25:4A:CA:FA:04,-78, WPA2 ,0.000000,0.000000,0.000,0.000,AP
2026-08-08 20:32:46,1900-01-00 00:00:00,Wifi House ,98:25:4A:CA:FA:04,-78, WPA2 ,0.000000,0.000000,0.000,0.000,AP
2026-08-08 20:32:46,1900-01-00 00:00:00,Wifi House ,98:25:4A:CA:FA:04,-78, WPA2 ,0.000000,0.000000,0.000,0.000,AP
2026-08-08 20:32:46,1900-01-00 00:00:00,Wifi House ,98:25:4A:CA:FA:04,-78, WPA2 ,0.000000,0.000000,0.000,0.000,AP
2026-08-08 20:32:46,1900-01-00 00:00:00,Wifi House ,98:25:4A:CA:FA:04,-78, WPA2 ,0.000000,0.000000,0.000,0.000,AP
2026-08-08 20:32:46,1900-01-00 00:00:00,Wifi House ,98:25:4A:CA:FA:04,-78, WPA2 ,0.000000,0.000000,0.000,0.000,AP
2026-08-08 20:32:46,1900-01-00 00:00:00,Wifi House ,98:25:4A:CA:FA:04,-78, WPA2 ,0.000000,0.000000,0.000,0.000,AP
2026-08-08 20:32:46,1900-01-00 00:00:00,Wifi House ,98:25:4A:CA:FA:04,-78, WPA2 ,0.000000,0.000000,0.000,0.000,AP
2026-08-08 20:32:46,1900-01-00 00:00:00,Wifi House ,98:25:4A:CA:FA:04,-78, WPA2 ,0.000000,0.000000,0.000,0.000,AP
2026-08-08 20:32:46,1900-01-00 00:00:00,Wifi House ,98:25:4A:CA:FA:04,-78, WPA2 ,0.000000,0.000000,0.000,0.000,AP
2026-08-08 20:32:46,1900-01-00 00:00:00,Wifi House ,98:25:4A:CA:FA:04,-78, WPA2 ,0.000000,0.000000,0.000,0.000,AP
2026-08-08 20:32:46,1900-01-00 00:00:00,Wifi House ,98:25:4A:CA:FA:04,-78, WPA2 ,0.000000,0.000000,0.000,0.000,AP
2026-08-08 20:32:46,1900-01-00 00:00:00,Wifi House ,98:25:4A:CA:FA:04,-78, WPA2 ,0.000000,0.000000,0.000,0.000,AP
2026-08-08 20:32:46,1900-01-00 00:00:00,Wifi House ,98:25:4A:CA:FA:04,-78, WPA2 ,0.000000,0.000000,0.000,0.000,AP
2026-08-08 20:32:46,1900-01-00 00:00:00,Wifi House ,98:25:4A:CA:FA:04,-78, WPA2 ,0.000000,0.000000,0.000,0.000,AP
2026-08-08 20:32:46,1900-01-00 00:00:00,Wifi House ,98:25:4A:CA:FA:04,-78, WPA2 ,0.000000,0.000000,0.000,0.000,AP
2026-08-08 20:32:46,1900-01-00 00:00:00,Wifi House ,98:25:4A:CA:FA:04,-78, WPA2 ,0.000000,0.000000,0.000,0.000,AP
2026-08-08 20:32:46,1900-01-00 00:00:00,Wifi House ,98:25:4A:CA:FA:04,-78, WPA2 ,0.000000,0.000000,0.000,0.000,AP
2026-08-08 20:32:46,1900-01-00 00:00:00,Wifi House ,98:25:4A:CA:FA:04,-78, WPA2 ,0.000000,0.000000,0.000,0.000,AP
2026-08-08 20:32:46,1900-01-00 00:00:00,Wifi House ,98:25:4A:CA:FA:04,-78, WPA2 ,0.000000,0.000000,0.000,0.000,AP
2026-08-08 20:32:46,1900-01-00 00:00:00,Wifi House ,98:25:4A:CA:FA:04,-78, WPA2 ,0.000000,0.000000,0.000,0.000,AP
2026-08-08 20:32:46,1900-01-00 00:00:00,Wifi House ,98:25:4A:CA:FA:04,-78, WPA2 ,0.000000,0.000000,0.000,0.000,AP
2026-08-08 20:32:46,1900-01-00 00:00:00,Wifi House ,98:25:4A:CA:FA:04,-78, WPA2 ,0.000000,0.000000,0.000,0.000,AP
2026-08-08 20:32:46,1900-01-00 00:00:00,Wifi House ,98:25:4A:CA:FA:04,-78, WPA2 ,0.000000,0.000000,0.000,0.000,AP
2026-08-08 20:32:46,1900-01-00 00:00:00,Wifi House ,98:25:4A:CA:FA:04,-78, WPA2 ,0.000000,0.000000,0.000,0.000,AP
2026-08-08 20:32:46,1900-01-00 00:00:00,Wifi House ,98:25:4A:CA:FA:04,-80, WPA2 ,0.000000,0.000000,0.000,0.000,AP
2026-08-08 20:32:46,1900-01-00 00:00:00,Wifi House ,98:25:4A:CA:FA:04,-80, WPA2 ,0.000000,0.000000,0.000,0.000,AP
2026-08-08 20:32:46,1900-01-00 00:00:00,Wifi House ,98:25:4A:CA:FA:04,-80, WPA2 ,0.000000,0.000000,0.000,0.000,AP
2026-08-08 20:32:46,1900-01-00 00:00:00,Wifi House ,98:25:4A:CA:FA:04,-80, WPA2 ,0.000000,0.000000,0.000,0.000,AP
2026-08-08 20:32:46,1900-01-00 00:00:00,Wifi House ,98:25:4A:CA:FA:04,-80, WPA2 ,0.000000,0.000000,0.000,0.000,AP
2026-08-08 20:32:46,1900-01-00 00:00:00,Wifi House ,98:25:4A:CA:FA:04,-80, WPA2 ,0.000000,0.000000,0.000,0.000,AP
2026-08-08 20:32:46,1900-01-00 00:00:00,Wifi House ,98:25:4A:CA:FA:04,-80, WPA2 ,0.000000,0.000000,0.000,0.000,AP
2026-08-08 20:32:46,1900-01-00 00:00:00,Wifi House ,98:25:4A:CA:FA:04,-80, WPA2 ,0.000000,0.000000,0.000,0.000,AP
2026-08-08 20:32:46,1900-01-00 00:00:00,Wifi House ,98:25:4A:CA:FA:04,-61, WPA2 ,0.000000,0.000000,0.000,0.000,AP
2026-08-08 20:32:46,1900-01-00 00:00:00,Wifi House ,98:25:4A:CA:FA:04,-60, WPA2 ,0.000000,0.000000,0.000,0.000,AP
2026-08-08 20:32:46,1900-01-00 00:00:00,Wifi House ,98:25:4A:CA:FA:04,-62, WPA2 ,0.000000,0.000000,0.000,0.000,AP
2026-08-08 20:32:46,1900-01-00 00:00:00,Wifi House ,98:25:4A:CA:FA:04,-62, WPA2 ,0.000000,0.000000,0.000,0.000,AP
2026-08-08 20:32:46,1900-01-00 00:00:00,Wifi House ,98:25:4A:CA:FA:04,-60, WPA2 ,0.000000,0.000000,0.000,0.000,AP
2026-08-08 20:32:46,1900-01-00 00:00:00,Wifi House ,98:25:4A:CA:FA:04,-62, WPA2 ,0.000000,0.000000,0.000,0.000,AP
2026-08-08 20:32:46,1900-01-00 00:00:00,Wifi House ,98:25:4A:CA:FA:04,-62, WPA2 ,0.000000,0.000000,0.000,0.000,AP
2026-08-08 20:32:46,1900-01-00 00:00:00,Wifi House ,98:25:4A:CA:FA:04,-62, WPA2 ,0.000000,0.000000,0.000,0.000,AP
2026-08-08 20:32:46,1900-01-00 00:00:00,Wifi House ,98:25:4A:CA:FA:04,-62, WPA2 ,0.000000,0.000000,0.000,0.000,AP
2026-08-08 20:32:46,1900-01-00 00:00:00,Wifi House ,98:25:4A:CA:FA:04,-61, WPA2 ,0.000000,0.000000,0.000,0.000,AP
2026-08-08 20:32:46,1900-01-00 00:00:00,Wifi House ,98:25:4A:CA:FA:04,-62, WPA2 ,0.000000,0.000000,0.000,0.000,AP
2026-08-08 20:32:46,1900-01-00 00:00:00,Wifi House ,98:25:4A:CA:FA:04,-62, WPA2 ,0.000000,0.000000,0.000,0.000,AP
2026-08-08 20:32:46,1900-01-00 00:00:00,Wifi House ,98:25:4A:CA:FA:04,-64, WPA2 ,0.000000,0.000000,0.000,0.000,AP
2026-08-08 20:32:46,1900-01-00 00:00:00,Wifi House ,98:25:4A:CA:FA:04,-62, WPA2 ,0.000000,0.000000,0.000,0.000,AP
2026-08-08 20:32:46,1900-01-00 00:00:00,Wifi House ,98:25:4A:CA:FA:04,-61, WPA2 ,0.000000,0.000000,0.000,0.000,AP
2026-08-08 20:32:46,1900-01-00 00:00:00,Wifi House ,98:25:4A:CA:FA:04,-58, WPA2 ,0.000000,0.000000,0.000,0.000,AP
2026-08-08 20:32:46,1900-01-00 00:00:00,Wifi House ,98:25:4A:CA:FA:04,-60, WPA2 ,0.000000,0.000000,0.000,0.000,AP
2026-08-08 20:32:46,1900-01-00 00:00:00,Wifi House ,98:25:4A:CA:FA:04,-60, WPA2 ,0.000000,0.000000,0.000,0.000,AP
2026-08-08 20:32:46,1900-01-00 00:00:00,Wifi House ,98:25:4A:CA:FA:04,-63, WPA2 ,0.000000,0.000000,0.000,0.000,AP
2026-08-08 20:32:46,1900-01-00 00:00:00,Wifi House ,98:25:4A:CA:FA:04,-62, WPA2 ,0.000000,0.000000,0.000,0.000,AP
2026-08-08 20:32:46,1900-01-00 00:00:00,Wifi House ,98:25:4A:CA:FA:04,-62, WPA2 ,0.000000,0.000000,0.000,0.000,AP
2026-08-08 20:32:46,1900-01-00 00:00:00,Wifi House ,98:25:4A:CA:FA:04,-62, WPA2 ,0.000000,0.000000,0.000,0.000,AP
2026-08-08 20:32:46,1900-01-00 00:00:00,Wifi House ,98:25:4A:CA:FA:04,-62, WPA2 ,0.000000,0.000000,0.000,0.000,AP
2026-08-08 20:32:46,1900-01-00 00:00:00,Wifi House ,98:25:4A:CA:FA:04,-62, WPA2 ,0.000000,0.000000,0.000,0.000,AP
2026-08-08 20:32:46,1900-01-00 00:00:00,Wifi House ,98:25:4A:CA:FA:04,-62, WPA2 ,0.000000,0.000000,0.000,0.000,AP
2026-08-08 20:32:46,1900-01-00 00:00:00,Wifi House ,98:25:4A:CA:FA:04,-62, WPA2 ,0.000000,0.000000,0.000,0.000,AP
2026-08-08 20:32:46,1900-01-00 00:00:00,Wifi House ,98:25:4A:CA:FA:04,-62, WPA2 ,0.000000,0.000000,0.000,0.000,AP
2026-08-08 20:32:46,1900-01-00 00:00:00,Wifi House ,98:25:4A:CA:FA:04,-62, WPA2 ,0.000000,0.000000,0.000,0.000,AP
2026-08-08 20:32:46,1900-01-00 00:00:00,Wifi House ,98:25:4A:CA:FA:04,-62, WPA2 ,0.000000,0.000000,0.000,0.000,AP
2026-08-08 20:32:46,1900-01-00 00:00:00,Wifi House ,98:25:4A:CA:FA:04,-62, WPA2 ,0.000000,0.000000,0.000,0.000,AP
2026-08-08 20:32:46,1900-01-00 00:00:00,Wifi House ,98:25:4A:CA:FA:04,-62, WPA2 ,0.000000,0.000000,0.000,0.000,AP
2026-08-08 20:32:46,1900-01-00 00:00:00,Wifi House ,98:25:4A:CA:FA:04,-62, WPA2 ,0.000000,0.000000,0.000,0.000,AP
2026-08-08 20:32:46,1900-01-00 00:00:00,Wifi House ,98:25:4A:CA:FA:04,-62, WPA2 ,0.000000,0.000000,0.000,0.000,AP
2026-08-08 20:32:46,1900-01-00 00:00:00,Wifi House ,98:25:4A:CA:FA:04,-62, WPA2 ,0.000000,0.000000,0.000,0.000,AP
2026-08-08 20:32:46,1900-01-00 00:00:00,Wifi House ,98:25:4A:CA:FA:04,-62, WPA2 ,0.000000,0.000000,0.000,0.000,AP
2026-08-08 20:32:46,1900-01-00 00:00:00,Wifi House ,98:25:4A:CA:FA:04,-62, WPA2 ,0.000000,0.000000,0.000,0.000,AP
2026-08-08 20:32:46,1900-01-00 00:00:00,Wifi House ,98:25:4A:CA:FA:04,-62, WPA2 ,0.000000,0.000000,0.000,0.000,AP
2026-08-08 20:32:46,1900-01-00 00:00:00,Wifi House ,98:25:4A:CA:FA:04,-62, WPA2 ,0.000000,0.000000,0.000,0.000,AP
2026-08-08 20:32:46,1900-01-00 00:00:00,Wifi House ,98:25:4A:CA:FA:04,-62, WPA2 ,0.000000,0.000000,0.000,0.000,AP
2026-08-08 20:32:46,1900-01-00 00:00:00,Wifi House ,98:25:4A:CA:FA:04,-62, WPA2 ,0.000000,0.000000,0.000,0.000,AP
2026-08-08 20:32:46,1900-01-00 00:00:00,Wifi House ,98:25:4A:CA:FA:04,-62, WPA2 ,0.000000,0.000000,0.000,0.000,AP
2026-08-08 20:32:46,1900-01-00 00:00:00,Wifi House ,98:25:4A:CA:FA:04,-62, WPA2 ,0.000000,0.000000,0.000,0.000,AP
2026-08-08 20:32:46,1900-01-00 00:00:00,Wifi House ,98:25:4A:CA:FA:04,-62, WPA2 ,0.000000,0.000000,0.000,0.000,AP
2026-08-08 20:32:46,1900-01-00 00:00:00,Wifi House ,98:25:4A:CA:FA:04,-62, WPA2 ,0.000000,0.000000,0.000,0.000,AP
2026-08-08 20:32:46,1900-01-00 00:00:00,Wifi House ,98:25:4A:CA:FA:04,-62, WPA2 ,0.000000,0.000000,0.000,0.000,AP
2026-08-08 20:32:46,1900-01-00 00:00:00,Wifi House ,98:25:4A:CA:FA:04,-62, WPA2 ,0.000000,0.000000,0.000,0.000,AP
2026-08-08 20:32:46,1900-01-00 00:00:00,Wifi House ,98:25:4A:CA:FA:04,-62, WPA2 ,0.000000,0.000000,0.000,0.000,AP
2026-08-08 20:32:46,1900-01-00 00:00:00,Wifi House ,98:25:4A:CA:FA:04,-62, WPA2 ,0.000000,0.000000,0.000,0.000,AP
2026-08-08 20:32:46,1900-01-00 00:00:00,Wifi House ,98:25:4A:CA:FA:04,-62, WPA2 ,0.000000,0.000000,0.000,0.000,AP
2026-08-08 20:32:46,1900-01-00 00:00:00,Wifi House ,98:25:4A:CA:FA:04,-62, WPA2 ,0.000000,0.000000,0.000,0.000,AP
2026-08-08 20:32:46,1900-01-00 00:00:00,Wifi House ,98:25:4A:CA:FA:04,-62, WPA2 ,0.000000,0.000000,0.000,0.000,AP
2026-08-08 20:32:46,1900-01-00 00:00:00,Wifi House ,98:25:4A:CA:FA:04,-62, WPA2 ,0.000000,0.000000,0.000,0.000,AP
2026-08-08 20:32:46,1900-01-00 00:00:00,Wifi House ,98:25:4A:CA:FA:04,-62, WPA2 ,0.000000,0.000000,0.000,0.000,AP
2026-08-08 20:32:46,1900-01-00 00:00:00,Wifi House ,98:25:4A:CA:FA:04,-62, WPA2 ,0.000000,0.000000,0.000,0.000,AP
2026-08-08 20:32:46,1900-01-00 00:00:00,Wifi House ,98:25:4A:CA:FA:04,-62, WPA2 ,0.000000,0.000000,0.000,0.000,AP
2026-08-08 20:32:46,1900-01-00 00:00:00,Wifi House ,98:25:4A:CA:FA:04,-72, WPA2 ,0.000000,0.000000,0.000,0.000,AP
2026-08-08 20:32:46,1900-01-00 00:00:00,Wifi House ,98:25:4A:CA:FA:04,-72, WPA2 ,0.000000,0.000000,0.000,0.000,AP
2026-08-08 20:32:46,1900-01-00 00:00:00,Wifi House ,98:25:4A:CA:FA:04,-72, WPA2 ,0.000000,0.000000,0.000,0.000,AP
2026-08-08 20:32:46,1900-01-00 00:00:00,Wifi House ,98:25:4A:CA:FA:04,-72, WPA2 ,0.000000,0.000000,0.000,0.000,AP
2026-08-08 20:32:46,1900-01-00 00:00:00,Wifi House ,98:25:4A:CA:FA:04,-72, WPA2 ,0.000000,0.000000,0.000,0.000,AP
2026-08-08 20:32:46,1900-01-00 00:00:00,Wifi House ,98:25:4A:CA:FA:04,-72, WPA2 ,0.000000,0.000000,0.000,0.000,AP
2026-08-08 20:32:46,1900-01-00 00:00:00,Wifi House ,98:25:4A:CA:FA:04,-72, WPA2 ,0.000000,0.000000,0.000,0.000,AP
2026-08-08 20:32:46,1900-01-00 00:00:00,Wifi House ,98:25:4A:CA:FA:04,-72, WPA2 ,0.000000,0.000000,0.000,0.000,AP
2026-08-08 20:32:46,1900-01-00 00:00:00,Wifi House ,98:25:4A:CA:FA:04,-72, WPA2 ,0.000000,0.000000,0.000,0.000,AP
2026-08-08 20:32:46,1900-01-00 00:00:00,Wifi House ,98:25:4A:CA:FA:04,-72, WPA2 ,0.000000,0.000000,0.000,0.000,AP
2026-08-08 20:32:46,1900-01-00 00:00:00,Wifi House ,98:25:4A:CA:FA:04,-72, WPA2 ,0.000000,0.000000,0.000,0.000,AP
2026-08-08 20:32:46,1900-01-00 00:00:00,Wifi House ,98:25:4A:CA:FA:04,-72, WPA2 ,0.000000,0.000000,0.000,0.000,AP
2026-08-08 20:32:46,1900-01-00 00:00:00,Wifi House ,98:25:4A:CA:FA:04,-72, WPA2 ,0.000000,0.000000,0.000,0.000,AP
2026-08-08 20:32:46,1900-01-00 00:00:00,Wifi House ,98:25:4A:CA:FA:04,-78, WPA2 ,0.000000,0.000000,0.000,0.000,AP
2026-08-08 20:32:46,1900-01-00 00:00:00,Wifi House ,98:25:4A:CA:FA:04,-78, WPA2 ,0.000000,0.000000,0.000,0.000,AP
2026-08-08 20:32:46,1900-01-00 00:00:00,Wifi House ,98:25:4A:CA:FA:04,-78, WPA2 ,0.000000,0.000000,0.000,0.000,AP
2026-08-08 20:32:46,1900-01-00 00:00:00,Wifi House ,98:25:4A:CA:FA:04,-61, WPA2 ,0.000000,0.000000,0.000,0.000,AP
2026-08-08 20:32:46,1900-01-00 00:00:00,Wifi House ,98:25:4A:CA:FA:04,-61, WPA2 ,0.000000,0.000000,0.000,0.000,AP
2026-08-08 20:32:46,1900-01-00 00:00:00,Wifi House ,98:25:4A:CA:FA:04,-61, WPA2 ,0.000000,0.000000,0.000,0.000,AP
2026-08-08 20:32:46,1900-01-00 00:00:00,Wifi House ,98:25:4A:CA:FA:04,-62, WPA2 ,0.000000,0.000000,0.000,0.000,AP
2026-08-08 20:32:46,1900-01-00 00:00:00,Wifi House ,98:25:4A:CA:FA:04,-62, WPA2 ,0.000000,0.000000,0.000,0.000,AP
2026-08-08 20:32:46,1900-01-00 00:00:00,Wifi House ,98:25:4A:CA:FA:04,-62, WPA2 ,0.000000,0.000000,0.000,0.000,AP
2026-08-08 20:32:46,1900-01-00 00:00:00,Wifi House ,98:25:4A:CA:FA:04,-62, WPA2 ,0.000000,0.000000,0.000,0.000,AP
2026-08-08 20:32:46,1900-01-00 00:00:00,Wifi House ,98:25:4A:CA:FA:04,-60, WPA2 ,0.000000,0.000000,0.000,0.000,AP
2026-08-08 20:32:46,1900-01-00 00:00:00,Wifi House ,98:25:4A:CA:FA:04,-60, WPA2 ,0.000000,0.000000,0.000,0.000,AP
2026-08-08 20:32:46,1900-01-00 00:00:00,Wifi House ,98:25:4A:CA:FA:04,-60, WPA2 ,0.000000,0.000000,0.000,0.000,AP
2026-08-08 20:32:46,1900-01-00 00:00:00,Wifi House ,98:25:4A:CA:FA:04,-60, WPA2 ,0.000000,0.000000,0.000,0.000,AP
2026-08-08 20:32:46,1900-01-00 00:00:00,Wifi House ,98:25:4A:CA:FA:04,-60, WPA2 ,0.000000,0.000000,0.000,0.000,AP
2026-08-08 20:32:46,1900-01-00 00:00:00,Wifi House ,98:25:4A:CA:FA:04,-60, WPA2 ,0.000000,0.000000,0.000,0.000,AP
2026-08-08 20:32:46,1900-01-00 00:00:00,Wifi House ,98:25:4A:CA:FA:04,-60, WPA2 ,0.000000,0.000000,0.000,0.000,AP
2026-08-08 20:32:46,1900-01-00 00:00:00,Wifi House ,98:25:4A:CA:FA:04,-60, WPA2 ,0.000000,0.000000,0.000,0.000,AP
2026-08-08 20:32:46,1900-01-00 00:00:00,Wifi House ,98:25:4A:CA:FA:04,-60, WPA2 ,0.000000,0.000000,0.000,0.000,AP
2026-08-08 20:32:46,1900-01-00 00:00:00,Wifi House ,98:25:4A:CA:FA:04,-60, WPA2 ,0.000000,0.000000,0.000,0.000,AP
2026-08-08 20:32:46,1900-01-00 00:00:00,Wifi House ,98:25:4A:CA:FA:04,-60, WPA2 ,0.000000,0.000000,0.000,0.000,AP
2026-08-08 20:32:46,1900-01-00 00:00:00,Wifi House ,98:25:4A:CA:FA:04,-60, WPA2 ,0.000000,0.000000,0.000,0.000,AP
2026-08-08 20:32:46,1900-01-00 00:00:00,Wifi House ,98:25:4A:CA:FA:04,-60, WPA2 ,0.000000,0.000000,0.000,0.000,AP
2026-08-08 20:32:46,1900-01-00 00:00:00,Wifi House ,98:25:4A:CA:FA:04,-60, WPA2 ,0.000000,0.000000,0.000,0.000,AP
2026-08-08 20:32:46,1900-01-00 00:00:00,Wifi House ,98:25:4A:CA:FA:04,-60, WPA2 ,0.000000,0.000000,0.000,0.000,AP
2026-08-08 20:32:46,1900-01-00 00:00:00,Wifi House ,98:25:4A:CA:FA:04,-63, WPA2 ,0.000000,0.000000,0.000,0.000,AP
2026-08-08 20:32:46,1900-01-00 00:00:00,Wifi House ,98:25:4A:CA:FA:04,-63, WPA2 ,0.000000,0.000000,0.000,0.000,AP
2026-08-08 20:32:46,1900-01-00 00:00:00,Wifi House ,98:25:4A:CA:FA:04,-63, WPA2 ,0.000000,0.000000,0.000,0.000,AP
2026-08-08 20:32:46,1900-01-00 00:00:00,Wifi House ,98:25:4A:CA:FA:04,-63, WPA2 ,0.000000,0.000000,0.000,0.000,AP
2026-08-08 20:32:46,1900-01-00 00:00:00,Wifi House ,98:25:4A:CA:FA:04,-63, WPA2 ,0.000000,0.000000,0.000,0.000,AP
2026-08-08 20:32:46,1900-01-00 00:00:00,Wifi House ,98:25:4A:CA:FA:04,-63, WPA2 ,0.000000,0.000000,0.000,0.000,AP
2026-08-08 20:32:46,1900-01-00 00:00:00,Wifi House ,98:25:4A:CA:FA:04,-63, WPA2 ,0.000000,0.000000,0.000,0.000,AP
2026-08-08 20:32:46,1900-01-00 00:00:00,Wifi House ,98:25:4A:CA:FA:04,-63, WPA2 ,0.000000,0.000000,0.000,0.000,AP
2026-08-08 20:32:46,1900-01-00 00:00:00,Wifi House ,98:25:4A:CA:FA:04,-63, WPA2 ,0.000000,0.000000,0.000,0.000,AP
2026-08-08 20:32:46,1900-01-00 00:00:00,Wifi House ,98:25:4A:CA:FA:04,-63, WPA2 ,0.000000,0.000000,0.000,0.000,AP
2026-08-08 20:32:46,1900-01-00 00:00:00,Wifi House ,98:25:4A:CA:FA:04,-63, WPA2 ,0.000000,0.000000,0.000,0.000,AP
2026-08-08 20:32:46,1900-01-00 00:00:00,Wifi House ,98:25:4A:CA:FA:04,-63, WPA2 ,0.000000,0.000000,0.000,0.000,AP
2026-08-08 20:32:46,1900-01-00 00:00:00,Wifi House ,98:25:4A:CA:FA:04,-63, WPA2 ,0.000000,0.000000,0.000,0.000,AP
2026-08-08 20:32:46,1900-01-00 00:00:00,Wifi House ,98:25:4A:CA:FA:04,-63, WPA2 ,0.000000,0.000000,0.000,0.000,AP
2026-08-08 20:32:46,1900-01-00 00:00:00,Wifi House ,98:25:4A:CA:FA:04,-63, WPA2 ,0.000000,0.000000,0.000,0.000,AP
2026-08-08 20:32:46,1900-01-00 00:00:00,Wifi House ,98:25:4A:CA:FA:04,-63, WPA2 ,0.000000,0.000000,0.000,0.000,AP
2026-08-08 20:32:46,1900-01-00 00:00:00,Wifi House ,98:25:4A:CA:FA:04,-82, WPA2 ,0.000000,0.000000,0.000,0.000,AP
2026-08-08 20:32:46,1900-01-00 00:00:00,Wifi House ,98:25:4A:CA:FA:04,-82, WPA2 ,0.000000,0.000000,0.000,0.000,AP
2026-08-08 20:32:46,1900-01-00 00:00:00,Wifi House ,98:25:4A:CA:FA:04,-82, WPA2 ,0.000000,0.000000,0.000,0.000,AP
2026-08-08 20:32:46,1900-01-00 00:00:00,Wifi House ,98:25:4A:CA:FA:04,-82, WPA2 ,0.000000,0.000000,0.000,0.000,AP
2026-08-08 20:32:46,1900-01-00 00:00:00,Wifi House ,98:25:4A:CA:FA:04,-82, WPA2 ,0.000000,0.000000,0.000,0.000,AP
2026-08-08 20:32:46,1900-01-00 00:00:00,Wifi House ,98:25:4A:CA:FA:04,-82, WPA2 ,0.000000,0.000000,0.000,0.000,AP
2026-08-08 20:32:46,1900-01-00 00:00:00,Wifi House ,98:25:4A:CA:FA:04,-82, WPA2 ,0.000000,0.000000,0.000,0.000,AP
2026-08-08 20:32:46,1900-01-00 00:00:00,Wifi House ,98:25:4A:CA:FA:04,-82, WPA2 ,0.000000,0.000000,0.000,0.000,AP
2026-08-08 20:32:46,1900-01-00 00:00:00,Wifi House ,98:25:4A:CA:FA:04,-63, WPA2 ,0.000000,0.000000,0.000,0.000,AP
2026-08-08 20:32:46,1900-01-00 00:00:00,Wifi House ,98:25:4A:CA:FA:04,-63, WPA2 ,0.000000,0.000000,0.000,0.000,AP
2026-08-08 20:32:46,1900-01-00 00:00:00,Wifi House ,98:25:4A:CA:FA:04,-63, WPA2 ,0.000000,0.000000,0.000,0.000,AP
2026-08-08 20:32:46,1900-01-00 00:00:00,Wifi House ,98:25:4A:CA:FA:04,-63, WPA2 ,0.000000,0.000000,0.000,0.000,AP
2026-08-08 20:32:46,1900-01-00 00:00:00,Wifi House ,98:25:4A:CA:FA:04,-63, WPA2 ,0.000000,0.000000,0.000,0.000,AP
2026-08-08 20:32:46,1900-01-00 00:00:00,Wifi House ,98:25:4A:CA:FA:04,-63, WPA2 ,0.000000,0.000000,0.000,0.000,AP
2026-08-08 20:32:46,1900-01-00 00:00:00,Wifi House ,98:25:4A:CA:FA:04,-63, WPA2 ,0.000000,0.000000,0.000,0.000,AP
2026-08-08 20:32:46,1900-01-00 00:00:00,Wifi House ,98:25:4A:CA:FA:04,-63, WPA2 ,0.000000,0.000000,0.000,0.000,AP
2026-08-08 20:32:46,1900-01-00 00:00:00,Wifi House ,98:25:4A:CA:FA:04,-63, WPA2 ,0.000000,0.000000,0.000,0.000,AP
2026-08-08 20:32:46,1900-01-00 00:00:00,Wifi House ,98:25:4A:CA:FA:04,-63, WPA2 ,0.000000,0.000000,0.000,0.000,AP
2026-08-08 20:32:46,1900-01-00 00:00:00,Wifi House ,98:25:4A:CA:FA:04,-63, WPA2 ,0.000000,0.000000,0.000,0.000,AP
2026-08-08 20:32:46,1900-01-00 00:00:00,Wifi House ,98:25:4A:CA:FA:04,-63, WPA2 ,0.000000,0.000000,0.000,0.000,AP
2026-08-08 20:32:46,1900-01-00 00:00:00,Wifi House ,98:25:4A:CA:FA:04,-63, WPA2 ,0.000000,0.000000,0.000,0.000,AP
2026-08-08 20:32:46,1900-01-00 00:00:00,Wifi House ,98:25:4A:CA:FA:04,-63, WPA2 ,0.000000,0.000000,0.000,0.000,AP
2026-08-08 20:32:46,1900-01-00 00:00:00,Wifi House ,98:25:4A:CA:FA:04,-63, WPA2 ,0.000000,0.000000,0.000,0.000,AP
2026-08-08 20:32:46,1900-01-00 00:00:00,Wifi House ,98:25:4A:CA:FA:04,-63, WPA2 ,0.000000,0.000000,0.000,0.000,AP
2026-08-08 20:32:46,1900-01-00 00:00:00,Wifi House ,98:25:4A:CA:FA:04,-56, WPA2 ,0.000000,0.000000,0.000,0.000,AP
2026-08-08 20:32:46,1900-01-00 00:00:00,Wifi House ,98:25:4A:CA:FA:04,-56, WPA2 ,0.000000,0.000000,0.000,0.000,AP
2026-08-08 20:32:46,1900-01-00 00:00:00,Wifi House ,98:25:4A:CA:FA:04,-56, WPA2 ,0.000000,0.000000,0.000,0.000,AP
2026-08-08 20:32:46,1900-01-00 00:00:00,Wifi House ,98:25:4A:CA:FA:04,-56, WPA2 ,0.000000,0.000000,0.000,0.000,AP
2026-08-08 20:32:46,1900-01-00 00:00:00,Wifi House ,98:25:4A:CA:FA:04,-56, WPA2 ,0.000000,0.000000,0.000,0.000,AP
2026-08-08 20:32:46,1900-01-00 00:00:00,Wifi House ,98:25:4A:CA:FA:04,-56, WPA2 ,0.000000,0.000000,0.000,0.000,AP
2026-08-08 20:32:46,1900-01-00 00:00:00,Wifi House ,98:25:4A:CA:FA:04,-56, WPA2 ,0.000000,0.000000,0.000,0.000,AP
2026-08-08 20:32:46,1900-01-00 00:00:00,Wifi House ,98:25:4A:CA:FA:04,-56, WPA2 ,0.000000,0.000000,0.000,0.000,AP
2026-08-08 20:32:46,1900-01-00 00:00:00,Wifi House ,98:25:4A:CA:FA:04,-56, WPA2 ,0.000000,0.000000,0.000,0.000,AP
2026-08-08 20:32:46,1900-01-00 00:00:00,Wifi House ,98:25:4A:CA:FA:04,-56, WPA2 ,0.000000,0.000000,0.000,0.000,AP
2026-08-08 20:32:46,1900-01-00 00:00:00,Wifi House ,98:25:4A:CA:FA:04,-56, WPA2 ,0.000000,0.000000,0.000,0.000,AP
2026-08-08 20:32:46,1900-01-00 00:00:00,Wifi House ,98:25:4A:CA:FA:04,-56, WPA2 ,0.000000,0.000000,0.000,0.000,AP
2026-08-08 20:32:46,1900-01-00 00:00:00,Wifi House ,98:25:4A:CA:FA:04,-56, WPA2 ,0.000000,0.000000,0.000,0.000,AP
2026-08-08 20:32:46,1900-01-00 00:00:00,Wifi House ,98:25:4A:CA:FA:04,-56, WPA2 ,0.000000,0.000000,0.000,0.000,AP
2026-08-08 20:32:46,1900-01-00 00:00:00,Wifi House ,98:25:4A:CA:FA:04,-56, WPA2 ,0.000000,0.000000,0.000,0.000,AP
2026-08-08 20:32:46,1900-01-00 00:00:00,Wifi House ,98:25:4A:CA:FA:04,-56, WPA2 ,0.000000,0.000000,0.000,0.000,AP
2026-08-08 20:32:46,1900-01-00 00:00:00,Wifi House ,98:25:4A:CA:FA:04,-56, WPA2 ,0.000000,0.000000,0.000,0.000,AP
2026-08-08 20:32:46,1900-01-00 00:00:00,Wifi House ,98:25:4A:CA:FA:04,-56, WPA2 ,0.000000,0.000000,0.000,0.000,AP
2026-08-08 20:32:46,1900-01-00 00:00:00,Wifi House ,98:25:4A:CA:FA:04,-56, WPA2 ,0.000000,0.000000,0.000,0.000,AP
2026-08-08 20:32:46,1900-01-00 00:00:00,Wifi House ,98:25:4A:CA:FA:04,-56, WPA2 ,0.000000,0.000000,0.000,0.000,AP
2026-08-08 20:32:46,1900-01-00 00:00:00,Wifi House ,98:25:4A:CA:FA:04,-56, WPA2 ,0.000000,0.000000,0.000,0.000,AP
2026-08-08 20:32:46,1900-01-00 00:00:00,Wifi House ,98:25:4A:CA:FA:04,-56, WPA2 ,0.000000,0.000000,0.000,0.000,AP
2026-08-08 20:32:46,1900-01-00 00:00:00,Wifi House ,98:25:4A:CA:FA:04,-56, WPA2 ,0.000000,0.000000,0.000,0.000,AP
2026-08-08 20:32:46,1900-01-00 00:00:00,Wifi House ,98:25:4A:CA:FA:04,-56, WPA2 ,0.000000,0.000000,0.000,0.000,AP
2026-08-08 20:32:46,1900-01-00 00:00:00,Wifi House ,98:25:4A:CA:FA:04,-56, WPA2 ,0.000000,0.000000,0.000,0.000,AP
2026-08-08 20:32:46,1900-01-00 00:00:00,Wifi House ,98:25:4A:CA:FA:04,-56, WPA2 ,0.000000,0.000000,0.000,0.000,AP
2026-08-08 20:32:46,1900-01-00 00:00:00,Wifi House ,98:25:4A:CA:FA:04,-56, WPA2 ,0.000000,0.000000,0.000,0.000,AP
2026-08-08 20:32:46,1900-01-00 00:00:00,Wifi House ,98:25:4A:CA:FA:04,-56, WPA2 ,0.000000,0.000000,0.000,0.000,AP
2026-08-08 20:32:46,1900-01-00 00:00:00,Wifi House ,98:25:4A:CA:FA:04,-56, WPA2 ,0.000000,0.000000,0.000,0.000,AP
2026-08-08 20:32:46,1900-01-00 00:00:00,Wifi House ,98:25:4A:CA:FA:04,-56, WPA2 ,0.000000,0.000000,0.000,0.000,AP
2026-08-08 20:32:46,1900-01-00 00:00:00,Wifi House ,98:25:4A:CA:FA:04,-78, WPA2 ,0.000000,0.000000,0.000,0.000,AP
2026-08-08 20:32:46,1900-01-00 00:00:00,Wifi House ,98:25:4A:CA:FA:04,-78, WPA2 ,0.000000,0.000000,0.000,0.000,AP
2026-08-08 20:32:46,1900-01-00 00:00:00,Wifi House ,98:25:4A:CA:FA:04,-78, WPA2 ,0.000000,0.000000,0.000,0.000,AP
2026-08-08 20:32:46,1900-01-00 00:00:00,Wifi House ,98:25:4A:CA:FA:04,-78, WPA2 ,0.000000,0.000000,0.000,0.000,AP
2026-08-08 20:32:46,1900-01-00 00:00:00,Wifi House ,98:25:4A:CA:FA:04,-78, WPA2 ,0.000000,0.000000,0.000,0.000,AP
2026-08-08 20:32:46,1900-01-00 00:00:00,Wifi House ,98:25:4A:CA:FA:04,-78, WPA2 ,0.000000,0.000000,0.000,0.000,AP
2026-08-08 20:32:46,1900-01-00 00:00:00,Wifi House ,98:25:4A:CA:FA:04,-78, WPA2 ,0.000000,0.000000,0.000,0.000,AP
2026-08-08 20:32:46,1900-01-00 00:00:00,Wifi House ,98:25:4A:CA:FA:04,-78, WPA2 ,0.000000,0.000000,0.000,0.000,AP
2026-08-08 20:32:46,1900-01-00 00:00:00,Wifi House ,98:25:4A:CA:FA:04,-78, WPA2 ,0.000000,0.000000,0.000,0.000,AP
2026-08-08 20:32:46,1900-01-00 00:00:00,Wifi House ,98:25:4A:CA:FA:04,-78, WPA2 ,0.000000,0.000000,0.000,0.000,AP
2026-08-08 20:32:46,1900-01-00 00:00:00,Wifi House ,98:25:4A:CA:FA:04,-78, WPA2 ,0.000000,0.000000,0.000,0.000,AP
2026-08-08 20:32:46,1900-01-00 00:00:00,Wifi House ,98:25:4A:CA:FA:04,-78, WPA2 ,0.000000,0.000000,0.000,0.000,AP
2026-08-08 20:32:46,1900-01-00 00:00:00,Wifi House ,98:25:4A:CA:FA:04,-78, WPA2 ,0.000000,0.000000,0.000,0.000,AP
2026-08-08 20:32:46,1900-01-00 00:00:00,Wifi House ,98:25:4A:CA:FA:04,-78, WPA2 ,0.000000,0.000000,0.000,0.000,AP
2026-08-08 20:32:46,1900-01-00 00:00:00,Wifi House ,98:25:4A:CA:FA:04,-78, WPA2 ,0.000000,0.000000,0.000,0.000,AP
2026-08-08 20:32:46,1900-01-00 00:00:00,Wifi House ,98:25:4A:CA:FA:04,-78, WPA2 ,0.000000,0.000000,0.000,0.000,AP
2026-08-08 20:32:46,1900-01-00 00:00:00,Wifi House ,98:25:4A:CA:FA:04,-78, WPA2 ,0.000000,0.000000,0.000,0.000,AP
2026-08-08 20:32:46,1900-01-00 00:00:00,Wifi House ,98:25:4A:CA:FA:04,-78, WPA2 ,0.000000,0.000000,0.000,0.000,AP
2026-08-08 20:32:46,1900-01-00 00:00:00,Wifi House ,98:25:4A:CA:FA:04,-78, WPA2 ,0.000000,0.000000,0.000,0.000,AP
2026-08-08 20:32:46,1900-01-00 00:00:00,Wifi House ,98:25:4A:CA:FA:04,-78, WPA2 ,0.000000,0.000000,0.000,0.000,AP
2026-08-08 20:32:46,1900-01-00 00:00:00,Wifi House ,98:25:4A:CA:FA:04,-78, WPA2 ,0.000000,0.000000,0.000,0.000,AP
2026-08-08 20:32:46,1900-01-00 00:00:00,Wifi House ,98:25:4A:CA:FA:04,-78, WPA2 ,0.000000,0.000000,0.000,0.000,AP
2026-08-08 20:32:46,1900-01-00 00:00:00,Wifi House ,98:25:4A:CA:FA:04,-78, WPA2 ,0.000000,0.000000,0.000,0.000,AP
2026-08-08 20:32:46,1900-01-00 00:00:00,Wifi House ,98:25:4A:CA:FA:04,-78, WPA2 ,0.000000,0.000000,0.000,0.000,AP
2026-08-08 20:32:46,1900-01-00 00:00:00,Wifi House ,98:25:4A:CA:FA:04,-78, WPA2 ,0.000000,0.000000,0.000,0.000,AP
2026-08-08 20:32:46,1900-01-00 00:00:00,Wifi House ,98:25:4A:CA:FA:04,-78, WPA2 ,0.000000,0.000000,0.000,0.000,AP
2026-08-08 20:32:46,1900-01-00 00:00:00,Wifi House ,98:25:4A:CA:FA:04,-64, WPA2 ,0.000000,0.000000,0.000,0.000,AP
2026-08-08 20:32:46,1900-01-00 00:00:00,Wifi House ,98:25:4A:CA:FA:04,-64, WPA2 ,0.000000,0.000000,0.000,0.000,AP
2026-08-08 20:32:46,1900-01-00 00:00:00,Wifi House ,98:25:4A:CA:FA:04,-64, WPA2 ,0.000000,0.000000,0.000,0.000,AP
2026-08-08 20:32:46,1900-01-00 00:00:00,Wifi House ,98:25:4A:CA:FA:04,-64, WPA2 ,0.000000,0.000000,0.000,0.000,AP
2026-08-08 20:32:46,1900-01-00 00:00:00,Wifi House ,98:25:4A:CA:FA:04,-64, WPA2 ,0.000000,0.000000,0.000,0.000,AP
2026-08-08 20:32:46,1900-01-00 00:00:00,Wifi House ,98:25:4A:CA:FA:04,-64, WPA2 ,0.000000,0.000000,0.000,0.000,AP
2026-08-08 20:32:46,1900-01-00 00:00:00,Wifi House ,98:25:4A:CA:FA:04,-64, WPA2 ,0.000000,0.000000,0.000,0.000,AP
2026-08-08 20:32:46,1900-01-00 00:00:00,Wifi House ,98:25:4A:CA:FA:04,-64, WPA2 ,0.000000,0.000000,0.000,0.000,AP
2026-08-08 20:32:46,1900-01-00 00:00:00,Wifi House ,98:25:4A:CA:FA:04,-64, WPA2 ,0.000000,0.000000,0.000,0.000,AP
2026-08-08 20:32:46,1900-01-00 00:00:00,Wifi House ,98:25:4A:CA:FA:04,-64, WPA2 ,0.000000,0.000000,0.000,0.000,AP
2026-08-08 20:32:46,1900-01-00 00:00:00,Wifi House ,98:25:4A:CA:FA:04,-64, WPA2 ,0.000000,0.000000,0.000,0.000,AP
2026-08-08 20:32:46,1900-01-00 00:00:00,Wifi House ,98:25:4A:CA:FA:04,-64, WPA2 ,0.000000,0.000000,0.000,0.000,AP
2026-08-08 20:32:46,1900-01-00 00:00:00,Wifi House ,98:25:4A:CA:FA:04,-64, WPA2 ,0.000000,0.000000,0.000,0.000,AP
2026-08-08 20:32:46,1900-01-00 00:00:00,Wifi House ,98:25:4A:CA:FA:04,-64, WPA2 ,0.000000,0.000000,0.000,0.000,AP
2026-08-08 20:32:46,1900-01-00 00:00:00,Wifi House ,98:25:4A:CA:FA:04,-64, WPA2 ,0.000000,0.000000,0.000,0.000,AP
2026-08-08 20:32:46,1900-01-00 00:00:00,Wifi House ,98:25:4A:CA:FA:04,-81, WPA2 ,0.000000,0.000000,0.000,0.000,AP
2026-08-08 20:32:46,1900-01-00 00:00:00,Wifi House ,98:25:4A:CA:FA:04,-81, WPA2 ,0.000000,0.000000,0.000,0.000,AP
2026-08-08 20:32:46,1900-01-00 00:00:00,Wifi House ,98:25:4A:CA:FA:04,-81, WPA2 ,0.000000,0.000000,0.000,0.000,AP
2026-08-08 20:32:46,1900-01-00 00:00:00,Wifi House ,98:25:4A:CA:FA:04,-81, WPA2 ,0.000000,0.000000,0.000,0.000,AP
2026-08-08 20:32:46,1900-01-00 00:00:00,Wifi House ,98:25:4A:CA:FA:04,-81, WPA2 ,0.000000,0.000000,0.000,0.000,AP
2026-08-08 20:32:46,1900-01-00 00:00:00,Wifi House ,98:25:4A:CA:FA:04,-81, WPA2 ,0.000000,0.000000,0.000,0.000,AP
2026-08-08 20:32:46,1900-01-00 00:00:00,Wifi House ,98:25:4A:CA:FA:04,-81, WPA2 ,0.000000,0.000000,0.000,0.000,AP
2026-08-08 20:32:46,1900-01-00 00:00:00,Wifi House ,98:25:4A:CA:FA:04,-81, WPA2 ,0.000000,0.000000,0.000,0.000,AP
2026-08-08 20:32:46,1900-01-00 00:00:00,Wifi House ,98:25:4A:CA:FA:04,-81, WPA2 ,0.000000,0.000000,0.000,0.000,AP
2026-08-08 20:32:46,1900-01-00 00:00:00,Wifi House ,98:25:4A:CA:FA:04,-81, WPA2 ,0.000000,0.000000,0.000,0.000,AP
2026-08-08 20:32:46,1900-01-00 00:00:00,Wifi House ,98:25:4A:CA:FA:04,-81, WPA2 ,0.000000,0.000000,0.000,0.000,AP
2026-08-08 20:32:46,1900-01-00 00:00:00,Wifi House ,98:25:4A:CA:FA:04,-81, WPA2 ,0.000000,0.000000,0.000,0.000,AP
2026-08-08 20:32:46,1900-01-00 00:00:00,Wifi House ,98:25:4A:CA:FA:04,-81, WPA2 ,0.000000,0.000000,0.000,0.000,AP
2026-08-08 20:32:46,1900-01-00 00:00:00,Wifi House ,98:25:4A:CA:FA:04,-81, WPA2 ,0.000000,0.000000,0.000,0.000,AP
2026-08-08 20:32:46,1900-01-00 00:00:00,Wifi House ,98:25:4A:CA:FA:04,-81, WPA2 ,0.000000,0.000000,0.000,0.000,AP
2026-08-08 20:32:46,1900-01-00 00:00:00,Wifi House ,98:25:4A:CA:FA:04,-81, WPA2 ,0.000000,0.000000,0.000,0.000,AP
2026-08-08 20:32:46,1900-01-00 00:00:00,Wifi House ,98:25:4A:CA:FA:04,-81, WPA2 ,0.000000,0.000000,0.000,0.000,AP
2026-08-08 20:32:46,1900-01-00 00:00:00,Wifi House ,98:25:4A:CA:FA:04,-81, WPA2 ,0.000000,0.000000,0.000,0.000,AP
2026-08-08 20:32:46,1900-01-00 00:00:00,Wifi House ,98:25:4A:CA:FA:04,-81, WPA2 ,0.000000,0.000000,0.000,0.000,AP
2026-08-08 20:32:46,1900-01-00 00:00:00,Wifi House ,98:25:4A:CA:FA:04,-81, WPA2 ,0.000000,0.000000,0.000,0.000,AP
2026-08-08 20:32:46,1900-01-00 00:00:00,Wifi House ,98:25:4A:CA:FA:04,-81, WPA2 ,0.000000,0.000000,0.000,0.000,AP
2026-08-08 20:32:46,1900-01-00 00:00:00,Wifi House ,98:25:4A:CA:FA:04,-81, WPA2 ,0.000000,0.000000,0.000,0.000,AP
2026-08-08 20:32:46,1900-01-00 00:00:00,Wifi House ,98:25:4A:CA:FA:04,-81, WPA2 ,0.000000,0.000000,0.000,0.000,AP
2026-08-08 20:32:46,1900-01-00 00:00:00,Wifi House ,98:25:4A:CA:FA:04,-62, WPA2 ,0.000000,0.000000,0.000,0.000,AP
2026-08-08 20:32:46,1900-01-00 00:00:00,Wifi House ,98:25:4A:CA:FA:04,-61, WPA2 ,0.000000,0.000000,0.000,0.000,AP
2026-08-08 20:32:46,1900-01-00 00:00:00,Wifi House ,98:25:4A:CA:FA:04,-61, WPA2 ,0.000000,0.000000,0.000,0.000,AP
2026-08-08 20:32:46,1900-01-00 00:00:00,Wifi House ,98:25:4A:CA:FA:04,-61, WPA2 ,0.000000,0.000000,0.000,0.000,AP
2026-08-08 20:32:46,1900-01-00 00:00:00,Wifi House ,98:25:4A:CA:FA:04,-61, WPA2 ,0.000000,0.000000,0.000,0.000,AP
2026-08-08 20:32:46,1900-01-00 00:00:00,Wifi House ,98:25:4A:CA:FA:04,-61, WPA2 ,0.000000,0.000000,0.000,0.000,AP
2026-08-08 20:32:46,1900-01-00 00:00:00,Wifi House ,98:25:4A:CA:FA:04,-61, WPA2 ,0.000000,0.000000,0.000,0.000,AP
2026-08-08 20:32:46,1900-01-00 00:00:00,Wifi House ,98:25:4A:CA:FA:04,-61, WPA2 ,0.000000,0.000000,0.000,0.000,AP
2026-08-08 20:32:46,1900-01-00 00:00:00,Wifi House ,98:25:4A:CA:FA:04,-61, WPA2 ,0.000000,0.000000,0.000,0.000,AP
2026-08-08 20:32:46,1900-01-00 00:00:00,Wifi House ,98:25:4A:CA:FA:04,-61, WPA2 ,0.000000,0.000000,0.000,0.000,AP
2026-08-08 20:32:46,1900-01-00 00:00:00,Wifi House ,98:25:4A:CA:FA:04,-61, WPA2 ,0.000000,0.000000,0.000,0.000,AP
2026-08-08 20:32:46,1900-01-00 00:00:00,Wifi House ,98:25:4A:CA:FA:04,-62, WPA2 ,0.000000,0.000000,0.000,0.000,AP
2026-08-08 20:32:46,1900-01-00 00:00:00,Wifi House ,98:25:4A:CA:FA:04,-62, WPA2 ,0.000000,0.000000,0.000,0.000,AP
2026-08-08 20:32:46,1900-01-00 00:00:00,Wifi House ,98:25:4A:CA:FA:04,-62, WPA2 ,0.000000,0.000000,0.000,0.000,AP
2026-08-08 20:32:46,1900-01-00 00:00:00,Wifi House ,98:25:4A:CA:FA:04,-62, WPA2 ,0.000000,0.000000,0.000,0.000,AP
2026-08-08 20:32:46,1900-01-00 00:00:00,Wifi House ,98:25:4A:CA:FA:04,-62, WPA2 ,0.000000,0.000000,0.000,0.000,AP
2026-08-08 20:32:46,1900-01-00 00:00:00,Wifi House ,98:25:4A:CA:FA:04,-62, WPA2 ,0.000000,0.000000,0.000,0.000,AP
2026-08-08 20:32:46,1900-01-00 00:00:00,Wifi House ,98:25:4A:CA:FA:04,-62, WPA2 ,0.000000,0.000000,0.000,0.000,AP
2026-08-08 20:32:46,1900-01-00 00:00:00,Wifi House ,98:25:4A:CA:FA:04,-62, WPA2 ,0.000000,0.000000,0.000,0.000,AP
2026-08-08 20:32:46,1900-01-00 00:00:00,Wifi House ,98:25:4A:CA:FA:04,-62, WPA2 ,0.000000,0.000000,0.000,0.000,AP
2026-08-08 20:32:46,1900-01-00 00:00:00,Wifi House ,98:25:4A:CA:FA:04,-62, WPA2 ,0.000000,0.000000,0.000,0.000,AP
2026-08-08 20:32:46,1900-01-00 00:00:00,Wifi House ,98:25:4A:CA:FA:04,-62, WPA2 ,0.000000,0.000000,0.000,0.000,AP
2026-08-08 20:32:46,1900-01-00 00:00:00,Wifi House ,98:25:4A:CA:FA:04,-62, WPA2 ,0.000000,0.000000,0.000,0.000,AP
2026-08-08 20:32:46,1900-01-00 00:00:00,Wifi House ,98:25:4A:CA:FA:04,-62, WPA2 ,0.000000,0.000000,0.000,0.000,AP
2026-08-08 20:32:46,1900-01-00 00:00:00,Wifi House ,98:25:4A:CA:FA:04,-62, WPA2 ,0.000000,0.000000,0.000,0.000,AP
2026-08-08 20:32:46,1900-01-00 00:00:00,Wifi House ,98:25:4A:CA:FA:04,-62, WPA2 ,0.000000,0.000000,0.000,0.000,AP
2026-08-08 20:32:46,1900-01-00 00:00:00,Wifi House ,98:25:4A:CA:FA:04,-62, WPA2 ,0.000000,0.000000,0.000,0.000,AP
2026-08-08 20:32:46,1900-01-00 00:00:00,Wifi House ,98:25:4A:CA:FA:04,-62, WPA2 ,0.000000,0.000000,0.000,0.000,AP
2026-08-08 20:32:46,1900-01-00 00:00:00,Wifi House ,98:25:4A:CA:FA:04,-62, WPA2 ,0.000000,0.000000,0.000,0.000,AP
2026-08-08 20:32:46,1900-01-00 00:00:00,Wifi House ,98:25:4A:CA:FA:04,-62, WPA2 ,0.000000,0.000000,0.000,0.000,AP
2026-08-08 20:32:46,1900-01-00 00:00:00,Wifi House ,98:25:4A:CA:FA:04,-63, WPA2 ,0.000000,0.000000,0.000,0.000,AP
2026-08-08 20:32:46,1900-01-00 00:00:00,Wifi House ,98:25:4A:CA:FA:04,-63, WPA2 ,0.000000,0.000000,0.000,0.000,AP
2026-08-08 20:32:46,1900-01-00 00:00:00,Wifi House ,98:25:4A:CA:FA:04,-63, WPA2 ,0.000000,0.000000,0.000,0.000,AP
2026-08-08 20:32:46,1900-01-00 00:00:00,Wifi House ,98:25:4A:CA:FA:04,-63, WPA2 ,0.000000,0.000000,0.000,0.000,AP
2026-08-08 20:32:46,1900-01-00 00:00:00,Wifi House ,98:25:4A:CA:FA:04,-63, WPA2 ,0.000000,0.000000,0.000,0.000,AP
2026-08-08 20:32:46,1900-01-00 00:00:00,Wifi House ,98:25:4A:CA:FA:04,-63, WPA2 ,0.000000,0.000000,0.000,0.000,AP
2026-08-08 20:32:46,1900-01-00 00:00:00,Wifi House ,98:25:4A:CA:FA:04,-63, WPA2 ,0.000000,0.000000,0.000,0.000,AP
2026-08-08 20:32:46,1900-01-00 00:00:00,Wifi House ,98:25:4A:CA:FA:04,-63, WPA2 ,0.000000,0.000000,0.000,0.000,AP
2026-08-08 20:32:46,1900-01-00 00:00:00,Wifi House ,98:25:4A:CA:FA:04,-63, WPA2 ,0.000000,0.000000,0.000,0.000,AP
2026-08-08 20:32:46,1900-01-00 00:00:00,Wifi House ,98:25:4A:CA:FA:04,-63, WPA2 ,0.000000,0.000000,0.000,0.000,AP
2026-08-08 20:32:46,1900-01-00 00:00:00,Wifi House ,98:25:4A:CA:FA:04,-63, WPA2 ,0.000000,0.000000,0.000,0.000,AP
2026-08-08 20:32:46,1900-01-00 00:00:00,Wifi House ,98:25:4A:CA:FA:04,-63, WPA2 ,0.000000,0.000000,0.000,0.000,AP
2026-08-08 20:32:46,1900-01-00 00:00:00,Wifi House ,98:25:4A:CA:FA:04,-63, WPA2 ,0.000000,0.000000,0.000,0.000,AP
2026-08-08 20:32:46,1900-01-00 00:00:00,Wifi House ,98:25:4A:CA:FA:04,-63, WPA2 ,0.000000,0.000000,0.000,0.000,AP
2026-08-08 20:32:46,1900-01-00 00:00:00,Wifi House ,98:25:4A:CA:FA:04,-63, WPA2 ,0.000000,0.000000,0.000,0.000,AP
2026-08-08 20:32:46,1900-01-00 00:00:00,Wifi House ,98:25:4A:CA:FA:04,-63, WPA2 ,0.000000,0.000000,0.000,0.000,AP
2026-08-08 20:32:46,1900-01-00 00:00:00,Wifi House ,98:25:4A:CA:FA:04,-59, WPA2 ,0.000000,0.000000,0.000,0.000,AP
2026-08-08 20:32:46,1900-01-00 00:00:00,Wifi House ,98:25:4A:CA:FA:04,-76, WPA2 ,0.000000,0.000000,0.000,0.000,AP
2026-08-08 20:32:46,1900-01-00 00:00:00,Wifi House ,98:25:4A:CA:FA:04,-76, WPA2 ,0.000000,0.000000,0.000,0.000,AP
2026-08-08 20:32:46,1900-01-00 00:00:00,Wifi House ,98:25:4A:CA:FA:04,-76, WPA2 ,0.000000,0.000000,0.000,0.000,AP
2026-08-08 20:32:46,1900-01-00 00:00:00,Wifi House ,98:25:4A:CA:FA:04,-76, WPA2 ,0.000000,0.000000,0.000,0.000,AP
2026-08-08 20:32:46,1900-01-00 00:00:00,Wifi House ,98:25:4A:CA:FA:04,-76, WPA2 ,0.000000,0.000000,0.000,0.000,AP
2026-08-08 20:32:46,1900-01-00 00:00:00,Wifi House ,98:25:4A:CA:FA:04,-76, WPA2 ,0.000000,0.000000,0.000,0.000,AP
2026-08-08 20:32:46,1900-01-00 00:00:00,Wifi House ,98:25:4A:CA:FA:04,-76, WPA2 ,0.000000,0.000000,0.000,0.000,AP
2026-08-08 20:32:46,1900-01-00 00:00:00,Wifi House ,98:25:4A:CA:FA:04,-76, WPA2 ,0.000000,0.000000,0.000,0.000,AP
2026-08-08 20:32:46,1900-01-00 00:00:00,Wifi House ,98:25:4A:CA:FA:04,-76, WPA2 ,0.000000,0.000000,0.000,0.000,AP
2026-08-08 20:32:46,1900-01-00 00:00:00,Wifi House ,98:25:4A:CA:FA:04,-76, WPA2 ,0.000000,0.000000,0.000,0.000,AP
2026-08-08 20:32:46,1900-01-00 00:00:00,Wifi House ,98:25:4A:CA:FA:04,-76, WPA2 ,0.000000,0.000000,0.000,0.000,AP
2026-08-08 20:32:46,1900-01-00 00:00:00,Wifi House ,98:25:4A:CA:FA:04,-76, WPA2 ,0.000000,0.000000,0.000,0.000,AP
2026-08-08 20:32:46,1900-01-00 00:00:00,Wifi House ,98:25:4A:CA:FA:04,-76, WPA2 ,0.000000,0.000000,0.000,0.000,AP
2026-08-08 20:32:46,1900-01-00 00:00:00,Wifi House ,98:25:4A:CA:FA:04,-76, WPA2 ,0.000000,0.000000,0.000,0.000,AP
2026-08-08 20:32:46,1900-01-00 00:00:00,Wifi House ,98:25:4A:CA:FA:04,-76, WPA2 ,0.000000,0.000000,0.000,0.000,AP
2026-08-08 20:32:46,1900-01-00 00:00:00,Wifi House ,98:25:4A:CA:FA:04,-76, WPA2 ,0.000000,0.000000,0.000,0.000,AP
2026-08-08 20:32:46,1900-01-00 00:00:00,Wifi House ,98:25:4A:CA:FA:04,-76, WPA2 ,0.000000,0.000000,0.000,0.000,AP
2026-08-08 20:32:46,1900-01-00 00:00:00,Wifi House ,98:25:4A:CA:FA:04,-76, WPA2 ,0.000000,0.000000,0.000,0.000,AP
2026-08-08 20:32:46,1900-01-00 00:00:00,Wifi House ,98:25:4A:CA:FA:04,-80, WPA2 ,0.000000,0.000000,0.000,0.000,AP
2026-08-08 20:32:46,1900-01-00 00:00:00,Wifi House ,98:25:4A:CA:FA:04,-80, WPA2 ,0.000000,0.000000,0.000,0.000,AP
2026-08-08 20:32:46,1900-01-00 00:00:00,Wifi House ,98:25:4A:CA:FA:04,-80, WPA2 ,0.000000,0.000000,0.000,0.000,AP
2026-08-08 20:32:46,1900-01-00 00:00:00,Wifi House ,98:25:4A:CA:FA:04,-80, WPA2 ,0.000000,0.000000,0.000,0.000,AP
2026-08-08 20:32:46,1900-01-00 00:00:00,Wifi House ,98:25:4A:CA:FA:04,-81, WPA2 ,0.000000,0.000000,0.000,0.000,AP
2026-08-08 20:32:46,1900-01-00 00:00:00,Wifi House ,98:25:4A:CA:FA:04,-81, WPA2 ,0.000000,0.000000,0.000,0.000,AP
2026-08-08 20:32:46,1900-01-00 00:00:00,Wifi House ,98:25:4A:CA:FA:04,-81, WPA2 ,0.000000,0.000000,0.000,0.000,AP
2026-08-08 20:32:46,1900-01-00 00:00:00,Wifi House ,98:25:4A:CA:FA:04,-81, WPA2 ,0.000000,0.000000,0.000,0.000,AP
2026-08-08 20:32:46,1900-01-00 00:00:00,Wifi House ,98:25:4A:CA:FA:04,-81, WPA2 ,0.000000,0.000000,0.000,0.000,AP
2026-08-08 20:32:46,1900-01-00 00:00:00,Wifi House ,98:25:4A:CA:FA:04,-81, WPA2 ,0.000000,0.000000,0.000,0.000,AP
2026-08-08 20:32:46,1900-01-00 00:00:00,Wifi House ,98:25:4A:CA:FA:04,-81, WPA2 ,0.000000,0.000000,0.000,0.000,AP
2026-08-08 20:32:46,1900-01-00 00:00:00,Wifi House ,98:25:4A:CA:FA:04,-81, WPA2 ,0.000000,0.000000,0.000,0.000,AP
2026-08-08 20:32:46,1900-01-00 00:00:00,Wifi House ,98:25:4A:CA:FA:04,-81, WPA2 ,0.000000,0.000000,0.000,0.000,AP
2026-08-08 20:32:46,1900-01-00 00:00:00,Wifi House ,98:25:4A:CA:FA:04,-83, WPA2 ,0.000000,0.000000,0.000,0.000,AP
2026-08-08 20:32:46,1900-01-00 00:00:00,Wifi House ,98:25:4A:CA:FA:04,-83, WPA2 ,0.000000,0.000000,0.000,0.000,AP
2026-08-08 20:32:46,1900-01-00 00:00:00,Wifi House ,98:25:4A:CA:FA:04,-83, WPA2 ,0.000000,0.000000,0.000,0.000,AP
2026-08-08 20:32:46,1900-01-00 00:00:00,Wifi House ,98:25:4A:CA:FA:04,-83, WPA2 ,0.000000,0.000000,0.000,0.000,AP
2026-08-08 20:32:46,1900-01-00 00:00:00,Wifi House ,98:25:4A:CA:FA:04,-83, WPA2 ,0.000000,0.000000,0.000,0.000,AP
2026-08-08 20:32:46,1900-01-00 00:00:00,Wifi House ,98:25:4A:CA:FA:04,-83, WPA2 ,0.000000,0.000000,0.000,0.000,AP
2026-08-08 20:32:46,1900-01-00 00:00:00,Wifi House ,98:25:4A:CA:FA:04,-83, WPA2 ,0.000000,0.000000,0.000,0.000,AP
2026-08-08 20:32:46,1900-01-00 00:00:00,Wifi House ,98:25:4A:CA:FA:04,-83, WPA2 ,0.000000,0.000000,0.000,0.000,AP
2026-08-08 20:32:46,1900-01-00 00:00:00,Wifi House ,98:25:4A:CA:FA:04,-83, WPA2 ,0.000000,0.000000,0.000,0.000,AP
2026-08-08 20:32:46,1900-01-00 00:00:00,Wifi House ,98:25:4A:CA:FA:04,-83, WPA2 ,0.000000,0.000000,0.000,0.000,AP
2026-08-08 20:32:46,1900-01-00 00:00:00,Wifi House ,98:25:4A:CA:FA:04,-83, WPA2 ,0.000000,0.000000,0.000,0.000,AP
2026-08-08 20:32:46,1900-01-00 00:00:00,Wifi House ,98:25:4A:CA:FA:04,-83, WPA2 ,0.000000,0.000000,0.000,0.000,AP
2026-08-08 20:32:46,1900-01-00 00:00:00,Wifi House ,98:25:4A:CA:FA:04,-83, WPA2 ,0.000000,0.000000,0.000,0.000,AP
2026-08-08 20:32:46,1900-01-00 00:00:00,Wifi House ,98:25:4A:CA:FA:04,-83, WPA2 ,0.000000,0.000000,0.000,0.000,AP
2026-08-08 20:32:46,1900-01-00 00:00:00,Wifi House ,98:25:4A:CA:FA:04,-83, WPA2 ,0.000000,0.000000,0.000,0.000,AP
2026-08-08 20:32:46,1900-01-00 00:00:00,Wifi House ,98:25:4A:CA:FA:04,-83, WPA2 ,0.000000,0.000000,0.000,0.000,AP
2026-08-08 20:32:46,1900-01-00 00:00:00,Wifi House ,98:25:4A:CA:FA:04,-83, WPA2 ,0.000000,0.000000,0.000,0.000,AP
2026-08-08 20:32:46,1900-01-00 00:00:00,Wifi House ,98:25:4A:CA:FA:04,-83, WPA2 ,0.000000,0.000000,0.000,0.000,AP
2026-08-08 20:32:46,1900-01-00 00:00:00,Wifi House ,98:25:4A:CA:FA:04,-83, WPA2 ,0.000000,0.000000,0.000,0.000,AP
2026-08-08 20:32:46,1900-01-00 00:00:00,Wifi House ,98:25:4A:CA:FA:04,-83, WPA2 ,0.000000,0.000000,0.000,0.000,AP
2026-08-08 20:32:46,1900-01-00 00:00:00,Wifi House ,98:25:4A:CA:FA:04,-83, WPA2 ,0.000000,0.000000,0.000,0.000,AP
2026-08-08 20:32:46,1900-01-00 00:00:00,Wifi House ,98:25:4A:CA:FA:04,-83, WPA2 ,0.000000,0.000000,0.000,0.000,AP
2026-08-08 20:32:46,1900-01-00 00:00:00,Wifi House ,98:25:4A:CA:FA:04,-83, WPA2 ,0.000000,0.000000,0.000,0.000,AP
2026-08-08 20:32:46,1900-01-00 00:00:00,Wifi House ,98:25:4A:CA:FA:04,-83, WPA2 ,0.000000,0.000000,0.000,0.000,AP
2026-08-08 20:32:46,1900-01-00 00:00:00,Wifi House ,98:25:4A:CA:FA:04,-83, WPA2 ,0.000000,0.000000,0.000,0.000,AP
2026-08-08 20:32:46,1900-01-00 00:00:00,Wifi House ,98:25:4A:CA:FA:04,-83, WPA2 ,0.000000,0.000000,0.000,0.000,AP
2026-08-08 20:32:46,1900-01-00 00:00:00,Wifi House ,98:25:4A:CA:FA:04,-83, WPA2 ,0.000000,0.000000,0.000,0.000,AP
2026-08-08 20:32:46,1900-01-00 00:00:00,Wifi House ,98:25:4A:CA:FA:04,-83, WPA2 ,0.000000,0.000000,0.000,0.000,AP
2026-08-08 20:32:46,1900-01-00 00:00:00,Wifi House ,98:25:4A:CA:FA:04,-83, WPA2 ,0.000000,0.000000,0.000,0.000,AP
2026-08-08 20:32:46,1900-01-00 00:00:00,Wifi House ,98:25:4A:CA:FA:04,-83, WPA2 ,0.000000,0.000000,0.000,0.000,AP
2026-08-08 20:32:46,1900-01-00 00:00:00,Wifi House ,98:25:4A:CA:FA:04,-83, WPA2 ,0.000000,0.000000,0.000,0.000,AP
2026-08-08 20:32:46,1900-01-00 00:00:00,Wifi House ,98:25:4A:CA:FA:04,-83, WPA2 ,0.000000,0.000000,0.000,0.000,AP
2026-08-08 20:32:46,1900-01-00 00:00:00,Wifi House ,98:25:4A:CA:FA:04,-83, WPA2 ,0.000000,0.000000,0.000,0.000,AP
2026-08-08 20:32:46,1900-01-00 00:00:00,Wifi House ,98:25:4A:CA:FA:04,-83, WPA2 ,0.000000,0.000000,0.000,0.000,AP
2026-08-08 20:32:46,1900-01-00 00:00:00,Wifi House ,98:25:4A:CA:FA:04,-83, WPA2 ,0.000000,0.000000,0.000,0.000,AP
2026-08-08 20:32:46,1900-01-00 00:00:00,Wifi House ,98:25:4A:CA:FA:04,-83, WPA2 ,0.000000,0.000000,0.000,0.000,AP
2026-08-08 20:32:46,1900-01-00 00:00:00,Wifi House ,98:25:4A:CA:FA:04,-83, WPA2 ,0.000000,0.000000,0.000,0.000,AP
2026-08-08 20:32:46,1900-01-00 00:00:00,Wifi House ,98:25:4A:CA:FA:04,-83, WPA2 ,0.000000,0.000000,0.000,0.000,AP
2026-08-08 20:32:46,1900-01-00 00:00:00,Wifi House ,98:25:4A:CA:FA:04,-83, WPA2 ,0.000000,0.000000,0.000,0.000,AP
2026-08-08 20:32:46,1900-01-00 00:00:00,Wifi House ,98:25:4A:CA:FA:04,-83, WPA2 ,0.000000,0.000000,0.000,0.000,AP
2026-08-08 20:32:46,1900-01-00 00:00:00,Wifi House ,98:25:4A:CA:FA:04,-83, WPA2 ,0.000000,0.000000,0.000,0.000,AP
2026-08-08 20:32:46,1900-01-00 00:00:00,Wifi House ,98:25:4A:CA:FA:04,-83, WPA2 ,0.000000,0.000000,0.000,0.000,AP
2026-08-08 20:32:46,1900-01-00 00:00:00,Wifi House ,98:25:4A:CA:FA:04,-83, WPA2 ,0.000000,0.000000,0.000,0.000,AP
2026-08-08 20:32:46,1900-01-00 00:00:00,Wifi House ,98:25:4A:CA:FA:04,-83, WPA2 ,0.000000,0.000000,0.000,0.000,AP
2026-08-08 20:32:46,1900-01-00 00:00:00,Wifi House ,98:25:4A:CA:FA:04,-83, WPA2 ,0.000000,0.000000,0.000,0.000,AP
2026-08-08 20:32:46,1900-01-00 00:00:00,Wifi House ,98:25:4A:CA:FA:04,-83, WPA2 ,0.000000,0.000000,0.000,0.000,AP
2026-08-08 20:32:46,1900-01-00 00:00:00,Wifi House ,98:25:4A:CA:FA:04,-83, WPA2 ,0.000000,0.000000,0.000,0.000,AP
2026-08-08 20:32:46,1900-01-00 00:00:00,Wifi House ,98:25:4A:CA:FA:04,-83, WPA2 ,0.000000,0.000000,0.000,0.000,AP
2026-08-08 20:32:46,1900-01-00 00:00:00,Wifi House ,98:25:4A:CA:FA:04,-83, WPA2 ,0.000000,0.000000,0.000,0.000,AP
2026-08-08 20:32:46,1900-01-00 00:00:00,Wifi House ,98:25:4A:CA:FA:04,-83, WPA2 ,0.000000,0.000000,0.000,0.000,AP
2026-08-08 20:32:46,1900-01-00 00:00:00,Wifi House ,98:25:4A:CA:FA:04,-65, WPA2 ,0.000000,0.000000,0.000,0.000,AP
2026-08-08 20:32:46,1900-01-00 00:00:00,Wifi House ,98:25:4A:CA:FA:04,-65, WPA2 ,0.000000,0.000000,0.000,0.000,AP
2026-08-08 20:32:46,1900-01-00 00:00:00,Wifi House ,98:25:4A:CA:FA:04,-65, WPA2 ,0.000000,0.000000,0.000,0.000,AP
2026-08-08 20:32:46,1900-01-00 00:00:00,Wifi House ,98:25:4A:CA:FA:04,-65, WPA2 ,0.000000,0.000000,0.000,0.000,AP
2026-08-08 20:32:46,1900-01-00 00:00:00,Wifi House ,98:25:4A:CA:FA:04,-65, WPA2 ,0.000000,0.000000,0.000,0.000,AP
2026-08-08 20:32:46,1900-01-00 00:00:00,Wifi House ,98:25:4A:CA:FA:04,-65, WPA2 ,0.000000,0.000000,0.000,0.000,AP
2026-08-08 20:32:46,1900-01-00 00:00:00,Wifi House ,98:25:4A:CA:FA:04,-65, WPA2 ,0.000000,0.000000,0.000,0.000,AP
2026-08-08 20:32:46,1900-01-00 00:00:00,Wifi House ,98:25:4A:CA:FA:04,-65, WPA2 ,0.000000,0.000000,0.000,0.000,AP
2026-08-08 20:32:46,1900-01-00 00:00:00,Wifi House ,98:25:4A:CA:FA:04,-65, WPA2 ,0.000000,0.000000,0.000,0.000,AP
2026-08-08 20:32:46,1900-01-00 00:00:00,Wifi House ,98:25:4A:CA:FA:04,-65, WPA2 ,0.000000,0.000000,0.000,0.000,AP
2026-08-08 20:32:46,1900-01-00 00:00:00,Wifi House ,98:25:4A:CA:FA:04,-65, WPA2 ,0.000000,0.000000,0.000,0.000,AP
2026-08-08 20:32:46,1900-01-00 00:00:00,Wifi House ,98:25:4A:CA:FA:04,-65, WPA2 ,0.000000,0.000000,0.000,0.000,AP
2026-08-08 20:32:46,1900-01-00 00:00:00,Wifi House ,98:25:4A:CA:FA:04,-65, WPA2 ,0.000000,0.000000,0.000,0.000,AP
2026-08-08 20:32:46,1900-01-00 00:00:00,Wifi House ,98:25:4A:CA:FA:04,-65, WPA2 ,0.000000,0.000000,0.000,0.000,AP
2026-08-08 20:32:46,1900-01-00 00:00:00,Wifi House ,98:25:4A:CA:FA:04,-65, WPA2 ,0.000000,0.000000,0.000,0.000,AP
2026-08-08 20:32:46,1900-01-00 00:00:00,Wifi House ,98:25:4A:CA:FA:04,-65, WPA2 ,0.000000,0.000000,0.000,0.000,AP
2026-08-08 20:32:46,1900-01-00 00:00:00,Wifi House ,98:25:4A:CA:FA:04,-65, WPA2 ,0.000000,0.000000,0.000,0.000,AP
2026-08-08 20:32:46,1900-01-00 00:00:00,Wifi House ,98:25:4A:CA:FA:04,-65, WPA2 ,0.000000,0.000000,0.000,0.000,AP
2026-08-08 20:32:46,1900-01-00 00:00:00,Wifi House ,98:25:4A:CA:FA:04,-65, WPA2 ,0.000000,0.000000,0.000,0.000,AP
2026-08-08 20:32:46,1900-01-00 00:00:00,Wifi House ,98:25:4A:CA:FA:04,-65, WPA2 ,0.000000,0.000000,0.000,0.000,AP
2026-08-08 20:32:46,1900-01-00 00:00:00,Wifi House ,98:25:4A:CA:FA:04,-65, WPA2 ,0.000000,0.000000,0.000,0.000,AP
2026-08-08 20:32:46,1900-01-00 00:00:00,Wifi House ,98:25:4A:CA:FA:04,-73, WPA2 ,0.000000,0.000000,0.000,0.000,AP
2026-08-08 20:32:46,1900-01-00 00:00:00,Wifi House ,98:25:4A:CA:FA:04,-73, WPA2 ,0.000000,0.000000,0.000,0.000,AP
2026-08-08 20:32:46,1900-01-00 00:00:00,Wifi House ,98:25:4A:CA:FA:04,-73, WPA2 ,0.000000,0.000000,0.000,0.000,AP
2026-08-08 20:32:46,1900-01-00 00:00:00,Wifi House ,98:25:4A:CA:FA:04,-73, WPA2 ,0.000000,0.000000,0.000,0.000,AP
2026-08-08 20:32:46,1900-01-00 00:00:00,Wifi House ,98:25:4A:CA:FA:04,-88, WPA2 ,0.000000,0.000000,0.000,0.000,AP
2026-08-08 20:32:46,1900-01-00 00:00:00,Wifi House ,98:25:4A:CA:FA:04,-88, WPA2 ,0.000000,0.000000,0.000,0.000,AP
2026-08-08 20:32:46,1900-01-00 00:00:00,Wifi House ,98:25:4A:CA:FA:04,-88, WPA2 ,0.000000,0.000000,0.000,0.000,AP
2026-08-08 20:32:46,1900-01-00 00:00:00,Wifi House ,98:25:4A:CA:FA:04,-88, WPA2 ,0.000000,0.000000,0.000,0.000,AP
2026-08-08 20:32:46,1900-01-00 00:00:00,Wifi House ,98:25:4A:CA:FA:04,-88, WPA2 ,0.000000,0.000000,0.000,0.000,AP
2026-08-08 20:32:46,1900-01-00 00:00:00,Wifi House ,98:25:4A:CA:FA:04,-88, WPA2 ,0.000000,0.000000,0.000,0.000,AP
2026-08-08 20:32:46,1900-01-00 00:00:00,Wifi House ,98:25:4A:CA:FA:04,-88, WPA2 ,0.000000,0.000000,0.000,0.000,AP
2026-08-08 20:32:46,1900-01-00 00:00:00,Wifi House ,98:25:4A:CA:FA:04,-88, WPA2 ,0.000000,0.000000,0.000,0.000,AP
2026-08-08 20:32:46,1900-01-00 00:00:00,Wifi House ,98:25:4A:CA:FA:04,-88, WPA2 ,0.000000,0.000000,0.000,0.000,AP
2026-08-08 20:32:46,1900-01-00 00:00:00,Wifi House ,98:25:4A:CA:FA:04,-88, WPA2 ,0.000000,0.000000,0.000,0.000,AP
2026-08-08 20:32:46,1900-01-00 00:00:00,Wifi House ,98:25:4A:CA:FA:04,-88, WPA2 ,0.000000,0.000000,0.000,0.000,AP
2026-08-08 20:32:46,1900-01-00 00:00:00,Wifi House ,98:25:4A:CA:FA:04,-88, WPA2 ,0.000000,0.000000,0.000,0.000,AP
2026-08-08 20:32:46,1900-01-00 00:00:00,Wifi House ,98:25:4A:CA:FA:04,-88, WPA2 ,0.000000,0.000000,0.000,0.000,AP
2026-08-08 20:32:46,1900-01-00 00:00:00,Wifi House ,98:25:4A:CA:FA:04,-61, WPA2 ,0.000000,0.000000,0.000,0.000,AP
2026-08-08 20:32:46,1900-01-00 00:00:00,Wifi House ,98:25:4A:CA:FA:04,-61, WPA2 ,0.000000,0.000000,0.000,0.000,AP
2026-08-08 20:32:46,1900-01-00 00:00:00,Wifi House ,98:25:4A:CA:FA:04,-78, WPA2 ,0.000000,0.000000,0.000,0.000,AP
2026-08-08 20:32:46,1900-01-00 00:00:00,Wifi House ,98:25:4A:CA:FA:04,-83, WPA2 ,0.000000,0.000000,0.000,0.000,AP
2026-08-08 20:32:46,1900-01-00 00:00:00,Wifi House ,98:25:4A:CA:FA:04,-82, WPA2 ,0.000000,0.000000,0.000,0.000,AP
2026-08-08 20:32:46,1900-01-00 00:00:00,Wifi House ,98:25:4A:CA:FA:04,-82, WPA2 ,0.000000,0.000000,0.000,0.000,AP
2026-08-08 20:32:46,1900-01-00 00:00:00,Wifi House ,98:25:4A:CA:FA:04,-82, WPA2 ,0.000000,0.000000,0.000,0.000,AP
2026-08-08 20:32:46,1900-01-00 00:00:00,Wifi House ,98:25:4A:CA:FA:04,-82, WPA2 ,0.000000,0.000000,0.000,0.000,AP
2026-08-08 20:32:46,1900-01-00 00:00:00,Wifi House ,98:25:4A:CA:FA:04,-82, WPA2 ,0.000000,0.000000,0.000,0.000,AP
2026-08-08 20:32:46,1900-01-00 00:00:00,Wifi House ,98:25:4A:CA:FA:04,-82, WPA2 ,0.000000,0.000000,0.000,0.000,AP
2026-08-08 20:32:46,1900-01-00 00:00:00,Wifi House ,98:25:4A:CA:FA:04,-61, WPA2 ,0.000000,0.000000,0.000,0.000,AP
2026-08-08 20:32:46,1900-01-00 00:00:00,Wifi House ,98:25:4A:CA:FA:04,-61, WPA2 ,0.000000,0.000000,0.000,0.000,AP
2026-08-08 20:32:46,1900-01-00 00:00:00,Wifi House ,98:25:4A:CA:FA:04,-61, WPA2 ,0.000000,0.000000,0.000,0.000,AP
2026-08-08 20:32:46,1900-01-00 00:00:00,Wifi House ,98:25:4A:CA:FA:04,-61, WPA2 ,0.000000,0.000000,0.000,0.000,AP
2026-08-08 20:32:46,1900-01-00 00:00:00,Wifi House ,98:25:4A:CA:FA:04,-61, WPA2 ,0.000000,0.000000,0.000,0.000,AP
2026-08-08 20:32:46,1900-01-00 00:00:00,Wifi House ,98:25:4A:CA:FA:04,-61, WPA2 ,0.000000,0.000000,0.000,0.000,AP
2026-08-08 20:32:46,1900-01-00 00:00:00,Wifi House ,98:25:4A:CA:FA:04,-62, WPA2 ,0.000000,0.000000,0.000,0.000,AP
2026-08-08 20:32:46,1900-01-00 00:00:00,Wifi House ,98:25:4A:CA:FA:04,-62, WPA2 ,0.000000,0.000000,0.000,0.000,AP
2026-08-08 20:32:46,1900-01-00 00:00:00,Wifi House ,98:25:4A:CA:FA:04,-62, WPA2 ,0.000000,0.000000,0.000,0.000,AP
2026-08-08 20:32:46,1900-01-00 00:00:00,Wifi House ,98:25:4A:CA:FA:04,-62, WPA2 ,0.000000,0.000000,0.000,0.000,AP
2026-08-08 20:32:46,1900-01-00 00:00:00,Wifi House ,98:25:4A:CA:FA:04,-62, WPA2 ,0.000000,0.000000,0.000,0.000,AP
2026-08-08 20:32:46,1900-01-00 00:00:00,Wifi House ,98:25:4A:CA:FA:04,-62, WPA2 ,0.000000,0.000000,0.000,0.000,AP
2026-08-08 20:32:46,1900-01-00 00:00:00,Wifi House ,98:25:4A:CA:FA:04,-62, WPA2 ,0.000000,0.000000,0.000,0.000,AP
2026-08-08 20:32:46,1900-01-00 00:00:00,Wifi House ,98:25:4A:CA:FA:04,-62, WPA2 ,0.000000,0.000000,0.000,0.000,AP
2026-08-08 20:32:46,1900-01-00 00:00:00,Wifi House ,98:25:4A:CA:FA:04,-62, WPA2 ,0.000000,0.000000,0.000,0.000,AP
2026-08-08 20:32:46,1900-01-00 00:00:00,Wifi House ,98:25:4A:CA:FA:04,-62, WPA2 ,0.000000,0.000000,0.000,0.000,AP
2026-08-08 20:32:46,1900-01-00 00:00:00,Wifi House ,98:25:4A:CA:FA:04,-62, WPA2 ,0.000000,0.000000,0.000,0.000,AP
2026-08-08 20:32:46,1900-01-00 00:00:00,Wifi House ,98:25:4A:CA:FA:04,-62, WPA2 ,0.000000,0.000000,0.000,0.000,AP
2026-08-08 20:32:46,1900-01-00 00:00:00,Wifi House ,98:25:4A:CA:FA:04,-62, WPA2 ,0.000000,0.000000,0.000,0.000,AP
2026-08-08 20:32:46,1900-01-00 00:00:00,Wifi House ,98:25:4A:CA:FA:04,-62, WPA2 ,0.000000,0.000000,0.000,0.000,AP
2026-08-08 20:32:46,1900-01-00 00:00:00,Wifi House ,98:25:4A:CA:FA:04,-62, WPA2 ,0.000000,0.000000,0.000,0.000,AP
2026-08-08 20:32:46,1900-01-00 00:00:00,Wifi House ,98:25:4A:CA:FA:04,-62, WPA2 ,0.000000,0.000000,0.000,0.000,AP
2026-08-08 20:32:46,1900-01-00 00:00:00,Wifi House ,98:25:4A:CA:FA:04,-62, WPA2 ,0.000000,0.000000,0.000,0.000,AP
2026-08-08 20:32:46,1900-01-00 00:00:00,Wifi House ,98:25:4A:CA:FA:04,-62, WPA2 ,0.000000,0.000000,0.000,0.000,AP
2026-08-08 20:32:46,1900-01-00 00:00:00,Wifi House ,98:25:4A:CA:FA:04,-62, WPA2 ,0.000000,0.000000,0.000,0.000,AP
2026-08-08 20:32:46,1900-01-00 00:00:00,Wifi House ,98:25:4A:CA:FA:04,-62, WPA2 ,0.000000,0.000000,0.000,0.000,AP
2026-08-08 20:32:46,1900-01-00 00:00:00,Wifi House ,98:25:4A:CA:FA:04,-62, WPA2 ,0.000000,0.000000,0.000,0.000,AP
2026-08-08 20:32:46,1900-01-00 00:00:00,Wifi House ,98:25:4A:CA:FA:04,-76, WPA2 ,0.000000,0.000000,0.000,0.000,AP
2026-08-08 20:32:46,1900-01-00 00:00:00,Wifi House ,98:25:4A:CA:FA:04,-76, WPA2 ,0.000000,0.000000,0.000,0.000,AP
2026-08-08 20:32:46,1900-01-00 00:00:00,Wifi House ,98:25:4A:CA:FA:04,-76, WPA2 ,0.000000,0.000000,0.000,0.000,AP
2026-08-08 20:32:46,1900-01-00 00:00:00,Wifi House ,98:25:4A:CA:FA:04,-76, WPA2 ,0.000000,0.000000,0.000,0.000,AP
2026-08-08 20:32:46,1900-01-00 00:00:00,Wifi House ,98:25:4A:CA:FA:04,-76, WPA2 ,0.000000,0.000000,0.000,0.000,AP
2026-08-08 20:32:46,1900-01-00 00:00:00,Wifi House ,98:25:4A:CA:FA:04,-83, WPA2 ,0.000000,0.000000,0.000,0.000,AP
2026-08-08 20:32:46,1900-01-00 00:00:00,Wifi House ,98:25:4A:CA:FA:04,-83, WPA2 ,0.000000,0.000000,0.000,0.000,AP
2026-08-08 20:32:46,1900-01-00 00:00:00,Wifi House ,98:25:4A:CA:FA:04,-83, WPA2 ,0.000000,0.000000,0.000,0.000,AP
2026-08-08 20:32:46,1900-01-00 00:00:00,Wifi House ,98:25:4A:CA:FA:04,-83, WPA2 ,0.000000,0.000000,0.000,0.000,AP
2026-08-08 20:32:46,1900-01-00 00:00:00,Wifi House ,98:25:4A:CA:FA:04,-83, WPA2 ,0.000000,0.000000,0.000,0.000,AP
2026-08-08 20:32:46,1900-01-00 00:00:00,Wifi House ,98:25:4A:CA:FA:04,-83, WPA2 ,0.000000,0.000000,0.000,0.000,AP
2026-08-08 20:32:46,1900-01-00 00:00:00,Wifi House ,98:25:4A:CA:FA:04,-83, WPA2 ,0.000000,0.000000,0.000,0.000,AP
2026-08-08 20:32:46,1900-01-00 00:00:00,Wifi House ,98:25:4A:CA:FA:04,-83, WPA2 ,0.000000,0.000000,0.000,0.000,AP
2026-08-08 20:32:46,1900-01-00 00:00:00,Wifi House ,98:25:4A:CA:FA:04,-83, WPA2 ,0.000000,0.000000,0.000,0.000,AP
2026-08-08 20:32:46,1900-01-00 00:00:00,Wifi House ,98:25:4A:CA:FA:04,-83, WPA2 ,0.000000,0.000000,0.000,0.000,AP
2026-08-08 20:32:46,1900-01-00 00:00:00,Wifi House ,98:25:4A:CA:FA:04,-83, WPA2 ,0.000000,0.000000,0.000,0.000,AP
2026-08-08 20:32:47,1900-01-00 00:00:00,Wifi House ,98:25:4A:CA:FA:04,-83, WPA2 ,0.000000,0.000000,0.000,0.000,AP
2026-08-08 20:32:47,1900-01-00 00:00:00,Wifi House ,98:25:4A:CA:FA:04,-83, WPA2 ,0.000000,0.000000,0.000,0.000,AP
2026-08-08 20:32:47,1900-01-00 00:00:00,Wifi House ,98:25:4A:CA:FA:04,-83, WPA2 ,0.000000,0.000000,0.000,0.000,AP
2026-08-08 20:32:47,1900-01-00 00:00:00,Wifi House ,98:25:4A:CA:FA:04,-83, WPA2 ,0.000000,0.000000,0.000,0.000,AP
2026-08-08 20:32:47,1900-01-00 00:00:00,Wifi House ,98:25:4A:CA:FA:04,-83, WPA2 ,0.000000,0.000000,0.000,0.000,AP
2026-08-08 20:32:47,1900-01-00 00:00:00,Wifi House ,98:25:4A:CA:FA:04,-83, WPA2 ,0.000000,0.000000,0.000,0.000,AP
2026-08-08 20:32:47,1900-01-00 00:00:00,Wifi House ,98:25:4A:CA:FA:04,-83, WPA2 ,0.000000,0.000000,0.000,0.000,AP
2026-08-08 20:32:47,1900-01-00 00:00:00,Wifi House ,98:25:4A:CA:FA:04,-83, WPA2 ,0.000000,0.000000,0.000,0.000,AP
2026-08-08 20:32:47,1900-01-00 00:00:00,Wifi House ,98:25:4A:CA:FA:04,-83, WPA2 ,0.000000,0.000000,0.000,0.000,AP
2026-08-08 20:32:47,1900-01-00 00:00:00,Wifi House ,98:25:4A:CA:FA:04,-83, WPA2 ,0.000000,0.000000,0.000,0.000,AP
2026-08-08 20:32:47,1900-01-00 00:00:00,Wifi House ,98:25:4A:CA:FA:04,-83, WPA2 ,0.000000,0.000000,0.000,0.000,AP
2026-08-08 20:32:47,1900-01-00 00:00:00,Wifi House ,98:25:4A:CA:FA:04,-83, WPA2 ,0.000000,0.000000,0.000,0.000,AP
2026-08-08 20:32:47,1900-01-00 00:00:00,Wifi House ,98:25:4A:CA:FA:04,-83, WPA2 ,0.000000,0.000000,0.000,0.000,AP
2026-08-08 20:32:47,1900-01-00 00:00:00,Wifi House ,98:25:4A:CA:FA:04,-83, WPA2 ,0.000000,0.000000,0.000,0.000,AP
2026-08-08 20:32:47,1900-01-00 00:00:00,Wifi House ,98:25:4A:CA:FA:04,-83, WPA2 ,0.000000,0.000000,0.000,0.000,AP
2026-08-08 20:32:47,1900-01-00 00:00:00,Wifi House ,98:25:4A:CA:FA:04,-83, WPA2 ,0.000000,0.000000,0.000,0.000,AP
2026-08-08 20:32:47,1900-01-00 00:00:00,Wifi House ,98:25:4A:CA:FA:04,-83, WPA2 ,0.000000,0.000000,0.000,0.000,AP
2026-08-08 20:32:47,1900-01-00 00:00:00,Wifi House ,98:25:4A:CA:FA:04,-83, WPA2 ,0.000000,0.000000,0.000,0.000,AP
2026-08-08 20:32:47,1900-01-00 00:00:00,Wifi House ,98:25:4A:CA:FA:04,-83, WPA2 ,0.000000,0.000000,0.000,0.000,AP
2026-08-08 20:32:47,1900-01-00 00:00:00,Wifi House ,98:25:4A:CA:FA:04,-83, WPA2 ,0.000000,0.000000,0.000,0.000,AP
2026-08-08 20:32:47,1900-01-00 00:00:00,Wifi House ,98:25:4A:CA:FA:04,-83, WPA2 ,0.000000,0.000000,0.000,0.000,AP
2026-08-08 20:32:47,1900-01-00 00:00:00,Wifi House ,98:25:4A:CA:FA:04,-83, WPA2 ,0.000000,0.000000,0.000,0.000,AP
2026-08-08 20:32:47,1900-01-00 00:00:00,Wifi House ,98:25:4A:CA:FA:04,-83, WPA2 ,0.000000,0.000000,0.000,0.000,AP
2026-08-08 20:32:47,1900-01-00 00:00:00,Wifi House ,98:25:4A:CA:FA:04,-83, WPA2 ,0.000000,0.000000,0.000,0.000,AP
2026-08-08 20:32:47,1900-01-00 00:00:00,Wifi House ,98:25:4A:CA:FA:04,-75, WPA2 ,0.000000,0.000000,0.000,0.000,AP
2026-08-08 20:32:47,1900-01-00 00:00:00,Wifi House ,98:25:4A:CA:FA:04,-75, WPA2 ,0.000000,0.000000,0.000,0.000,AP
2026-08-08 20:32:47,1900-01-00 00:00:00,Wifi House ,98:25:4A:CA:FA:04,-75, WPA2 ,0.000000,0.000000,0.000,0.000,AP
2026-08-08 20:32:47,1900-01-00 00:00:00,Wifi House ,98:25:4A:CA:FA:04,-75, WPA2 ,0.000000,0.000000,0.000,0.000,AP
2026-08-08 20:32:47,1900-01-00 00:00:00,Wifi House ,98:25:4A:CA:FA:04,-63, WPA2 ,0.000000,0.000000,0.000,0.000,AP
2026-08-08 20:32:47,1900-01-00 00:00:00,Wifi House ,98:25:4A:CA:FA:04,-63, WPA2 ,0.000000,0.000000,0.000,0.000,AP
2026-08-08 20:32:47,1900-01-00 00:00:00,Wifi House ,98:25:4A:CA:FA:04,-63, WPA2 ,0.000000,0.000000,0.000,0.000,AP
2026-08-08 20:32:47,1900-01-00 00:00:00,Wifi House ,98:25:4A:CA:FA:04,-63, WPA2 ,0.000000,0.000000,0.000,0.000,AP
2026-08-08 20:32:47,1900-01-00 00:00:00,Wifi House ,98:25:4A:CA:FA:04,-63, WPA2 ,0.000000,0.000000,0.000,0.000,AP
2026-08-08 20:32:47,1900-01-00 00:00:00,Wifi House ,98:25:4A:CA:FA:04,-63, WPA2 ,0.000000,0.000000,0.000,0.000,AP
2026-08-08 20:32:47,1900-01-00 00:00:00,Wifi House ,98:25:4A:CA:FA:04,-63, WPA2 ,0.000000,0.000000,0.000,0.000,AP
2026-08-08 20:32:47,1900-01-00 00:00:00,Wifi House ,98:25:4A:CA:FA:04,-63, WPA2 ,0.000000,0.000000,0.000,0.000,AP
2026-08-08 20:32:47,1900-01-00 00:00:00,Wifi House ,98:25:4A:CA:FA:04,-63, WPA2 ,0.000000,0.000000,0.000,0.000,AP
2026-08-08 20:32:47,1900-01-00 00:00:00,Wifi House ,98:25:4A:CA:FA:04,-63, WPA2 ,0.000000,0.000000,0.000,0.000,AP
2026-08-08 20:32:47,1900-01-00 00:00:00,Wifi House ,98:25:4A:CA:FA:04,-63, WPA2 ,0.000000,0.000000,0.000,0.000,AP
2026-08-08 20:32:47,1900-01-00 00:00:00,Wifi House ,98:25:4A:CA:FA:04,-63, WPA2 ,0.000000,0.000000,0.000,0.000,AP
2026-08-08 20:32:47,1900-01-00 00:00:00,Wifi House ,98:25:4A:CA:FA:04,-63, WPA2 ,0.000000,0.000000,0.000,0.000,AP
2026-08-08 20:32:47,1900-01-00 00:00:00,Wifi House ,98:25:4A:CA:FA:04,-63, WPA2 ,0.000000,0.000000,0.000,0.000,AP
2026-08-08 20:32:47,1900-01-00 00:00:00,Wifi House ,98:25:4A:CA:FA:04,-63, WPA2 ,0.000000,0.000000,0.000,0.000,AP
2026-08-08 20:32:47,1900-01-00 00:00:00,Wifi House ,98:25:4A:CA:FA:04,-63, WPA2 ,0.000000,0.000000,0.000,0.000,AP
2026-08-08 20:32:47,1900-01-00 00:00:00,Wifi House ,98:25:4A:CA:FA:04,-63, WPA2 ,0.000000,0.000000,0.000,0.000,AP
2026-08-08 20:32:47,1900-01-00 00:00:00,Wifi House ,98:25:4A:CA:FA:04,-63, WPA2 ,0.000000,0.000000,0.000,0.000,AP
2026-08-08 20:32:47,1900-01-00 00:00:00,Wifi House ,98:25:4A:CA:FA:04,-63, WPA2 ,0.000000,0.000000,0.000,0.000,AP
2026-08-08 20:32:47,1900-01-00 00:00:00,Wifi House ,98:25:4A:CA:FA:04,-63, WPA2 ,0.000000,0.000000,0.000,0.000,AP
2026-08-08 20:32:47,1900-01-00 00:00:00,Wifi House ,98:25:4A:CA:FA:04,-63, WPA2 ,0.000000,0.000000,0.000,0.000,AP
2026-08-08 20:32:47,1900-01-00 00:00:00,Wifi House ,98:25:4A:CA:FA:04,-63, WPA2 ,0.000000,0.000000,0.000,0.000,AP
2026-08-08 20:32:47,1900-01-00 00:00:00,Wifi House ,98:25:4A:CA:FA:04,-63, WPA2 ,0.000000,0.000000,0.000,0.000,AP
2026-08-08 20:32:47,1900-01-00 00:00:00,Wifi House ,98:25:4A:CA:FA:04,-63, WPA2 ,0.000000,0.000000,0.000,0.000,AP
2026-08-08 20:32:47,1900-01-00 00:00:00,Wifi House ,98:25:4A:CA:FA:04,-63, WPA2 ,0.000000,0.000000,0.000,0.000,AP
2026-08-08 20:32:47,1900-01-00 00:00:00,Wifi House ,98:25:4A:CA:FA:04,-63, WPA2 ,0.000000,0.000000,0.000,0.000,AP
2026-08-08 20:32:47,1900-01-00 00:00:00,Wifi House ,98:25:4A:CA:FA:04,-63, WPA2 ,0.000000,0.000000,0.000,0.000,AP
2026-08-08 20:32:47,1900-01-00 00:00:00,Wifi House ,98:25:4A:CA:FA:04,-63, WPA2 ,0.000000,0.000000,0.000,0.000,AP
2026-08-08 20:32:47,1900-01-00 00:00:00,Wifi House ,98:25:4A:CA:FA:04,-63, WPA2 ,0.000000,0.000000,0.000,0.000,AP
2026-08-08 20:32:47,1900-01-00 00:00:00,Wifi House ,98:25:4A:CA:FA:04,-63, WPA2 ,0.000000,0.000000,0.000,0.000,AP
2026-08-08 20:32:47,1900-01-00 00:00:00,Wifi House ,98:25:4A:CA:FA:04,-63, WPA2 ,0.000000,0.000000,0.000,0.000,AP
2026-08-08 20:32:47,1900-01-00 00:00:00,Wifi House ,98:25:4A:CA:FA:04,-63, WPA2 ,0.000000,0.000000,0.000,0.000,AP
2026-08-08 20:32:47,1900-01-00 00:00:00,Wifi House ,98:25:4A:CA:FA:04,-63, WPA2 ,0.000000,0.000000,0.000,0.000,AP
2026-08-08 20:32:47,1900-01-00 00:00:00,Wifi House ,98:25:4A:CA:FA:04,-63, WPA2 ,0.000000,0.000000,0.000,0.000,AP
2026-08-08 20:32:47,1900-01-00 00:00:00,Wifi House ,98:25:4A:CA:FA:04,-63, WPA2 ,0.000000,0.000000,0.000,0.000,AP
2026-08-08 20:32:47,1900-01-00 00:00:00,Wifi House ,98:25:4A:CA:FA:04,-63, WPA2 ,0.000000,0.000000,0.000,0.000,AP
2026-08-08 20:32:47,1900-01-00 00:00:00,Wifi House ,98:25:4A:CA:FA:04,-63, WPA2 ,0.000000,0.000000,0.000,0.000,AP
2026-08-08 20:32:47,1900-01-00 00:00:00,Wifi House ,98:25:4A:CA:FA:04,-63, WPA2 ,0.000000,0.000000,0.000,0.000,AP
2026-08-08 20:32:47,1900-01-00 00:00:00,Wifi House ,98:25:4A:CA:FA:04,-63, WPA2 ,0.000000,0.000000,0.000,0.000,AP
2026-08-08 20:32:47,1900-01-00 00:00:00,Wifi House ,98:25:4A:CA:FA:04,-63, WPA2 ,0.000000,0.000000,0.000,0.000,AP
2026-08-08 20:32:47,1900-01-00 00:00:00,Wifi House ,98:25:4A:CA:FA:04,-63, WPA2 ,0.000000,0.000000,0.000,0.000,AP
2026-08-08 20:32:47,1900-01-00 00:00:00,Wifi House ,98:25:4A:CA:FA:04,-63, WPA2 ,0.000000,0.000000,0.000,0.000,AP
2026-08-08 20:32:47,1900-01-00 00:00:00,Wifi House ,98:25:4A:CA:FA:04,-63, WPA2 ,0.000000,0.000000,0.000,0.000,AP
2026-08-08 20:32:47,1900-01-00 00:00:00,Wifi House ,98:25:4A:CA:FA:04,-63, WPA2 ,0.000000,0.000000,0.000,0.000,AP
2026-08-08 20:32:47,1900-01-00 00:00:00,Wifi House ,98:25:4A:CA:FA:04,-63, WPA2 ,0.000000,0.000000,0.000,0.000,AP
2026-08-08 20:32:47,1900-01-00 00:00:00,Wifi House ,98:25:4A:CA:FA:04,-63, WPA2 ,0.000000,0.000000,0.000,0.000,AP
2026-08-08 20:32:47,1900-01-00 00:00:00,Wifi House ,98:25:4A:CA:FA:04,-63, WPA2 ,0.000000,0.000000,0.000,0.000,AP
2026-08-08 20:32:47,1900-01-00 00:00:00,Wifi House ,98:25:4A:CA:FA:04,-63, WPA2 ,0.000000,0.000000,0.000,0.000,AP
2026-08-08 20:32:47,1900-01-00 00:00:00,Wifi House ,98:25:4A:CA:FA:04,-63, WPA2 ,0.000000,0.000000,0.000,0.000,AP
2026-08-08 20:32:47,1900-01-00 00:00:00,Wifi House ,98:25:4A:CA:FA:04,-63, WPA2 ,0.000000,0.000000,0.000,0.000,AP
2026-08-08 20:32:47,1900-01-00 00:00:00,Wifi House ,98:25:4A:CA:FA:04,-76, WPA2 ,0.000000,0.000000,0.000,0.000,AP
2026-08-08 20:32:47,1900-01-00 00:00:00,,C2:C1:1A:0A:C0:3E,-65,,0.000000,0.000000,0.000,0.000,Client
2026-08-08 20:32:47,1900-01-00 00:00:00,Wifi House ,98:25:4A:CA:FA:04,-62, WPA2 ,0.000000,0.000000,0.000,0.000,AP
2026-08-08 20:32:47,1900-01-00 00:00:00,Wifi House ,98:25:4A:CA:FA:04,-62, WPA2 ,0.000000,0.000000,0.000,0.000,AP
2026-08-08 20:32:47,1900-01-00 00:00:00,,C2:C1:1A:0A:C0:3E,-62,,0.000000,0.000000,0.000,0.000,Client
2026-08-08 20:32:47,1900-01-00 00:00:00,Wifi House ,98:25:4A:CA:FA:04,-63, WPA2 ,0.000000,0.000000,0.000,0.000,AP
2026-08-08 20:32:47,1900-01-00 00:00:00,,C2:C1:1A:0A:C0:3E,-65,,0.000000,0.000000,0.000,0.000,Client
2026-08-08 20:32:47,1900-01-00 00:00:00,Wifi House ,98:25:4A:CA:FA:04,-61, WPA2 ,0.000000,0.000000,0.000,0.000,AP
2026-08-08 20:32:47,1900-01-00 00:00:00,Wifi House ,98:25:4A:CA:FA:04,-60, WPA2 ,0.000000,0.000000,0.000,0.000,AP
2026-08-08 20:32:47,1900-01-00 00:00:00,Wifi House ,98:25:4A:CA:FA:04,-61, WPA2 ,0.000000,0.000000,0.000,0.000,AP
2026-08-08 20:32:47,1900-01-00 00:00:00,Wifi House ,98:25:4A:CA:FA:04,-61, WPA2 ,0.000000,0.000000,0.000,0.000,AP
2026-08-08 20:32:47,1900-01-00 00:00:00,Wifi House ,98:25:4A:CA:FA:04,-61, WPA2 ,0.000000,0.000000,0.000,0.000,AP
2026-08-08 20:32:47,1900-01-00 00:00:00,,C2:C1:1A:0A:C0:3E,-65,,0.000000,0.000000,0.000,0.000,Client
2026-08-08 20:32:47,1900-01-00 00:00:00,,C2:C1:1A:0A:C0:3E,-65,,0.000000,0.000000,0.000,0.000,Client
2026-08-08 20:32:47,1900-01-00 00:00:00,Wifi House ,98:25:4A:CA:FA:04,-63, WPA2 ,0.000000,0.000000,0.000,0.000,AP
2026-08-08 20:32:47,1900-01-00 00:00:00,Wifi House ,98:25:4A:CA:FA:04,-85, WPA2 ,0.000000,0.000000,0.000,0.000,AP
2026-08-08 20:32:47,1900-01-00 00:00:00,Wifi House ,98:25:4A:CA:FA:04,-85, WPA2 ,0.000000,0.000000,0.000,0.000,AP
2026-08-08 20:32:47,1900-01-00 00:00:00,Wifi House ,98:25:4A:CA:FA:04,-85, WPA2 ,0.000000,0.000000,0.000,0.000,AP
2026-08-08 20:32:47,1900-01-00 00:00:00,Wifi House ,98:25:4A:CA:FA:04,-85, WPA2 ,0.000000,0.000000,0.000,0.000,AP
2026-08-08 20:32:47,1900-01-00 00:00:00,Wifi House ,98:25:4A:CA:FA:04,-85, WPA2 ,0.000000,0.000000,0.000,0.000,AP
2026-08-08 20:32:47,1900-01-00 00:00:00,Wifi House ,98:25:4A:CA:FA:04,-85, WPA2 ,0.000000,0.000000,0.000,0.000,AP
2026-08-08 20:32:47,1900-01-00 00:00:00,Wifi House ,98:25:4A:CA:FA:04,-85, WPA2 ,0.000000,0.000000,0.000,0.000,AP
2026-08-08 20:32:47,1900-01-00 00:00:00,Wifi House ,98:25:4A:CA:FA:04,-85, WPA2 ,0.000000,0.000000,0.000,0.000,AP
2026-08-08 20:32:47,1900-01-00 00:00:00,Wifi House ,98:25:4A:CA:FA:04,-85, WPA2 ,0.000000,0.000000,0.000,0.000,AP
2026-08-08 20:32:47,1900-01-00 00:00:00,Wifi House ,98:25:4A:CA:FA:04,-85, WPA2 ,0.000000,0.000000,0.000,0.000,AP
2026-08-08 20:32:47,1900-01-00 00:00:00,Wifi House ,98:25:4A:CA:FA:04,-85, WPA2 ,0.000000,0.000000,0.000,0.000,AP
2026-08-08 20:32:47,1900-01-00 00:00:00,Wifi House ,98:25:4A:CA:FA:04,-85, WPA2 ,0.000000,0.000000,0.000,0.000,AP
2026-08-08 20:32:47,1900-01-00 00:00:00,Wifi House ,98:25:4A:CA:FA:04,-85, WPA2 ,0.000000,0.000000,0.000,0.000,AP
2026-08-08 20:32:47,1900-01-00 00:00:00,Wifi House ,98:25:4A:CA:FA:04,-85, WPA2 ,0.000000,0.000000,0.000,0.000,AP
2026-08-08 20:32:47,1900-01-00 00:00:00,Wifi House ,98:25:4A:CA:FA:04,-85, WPA2 ,0.000000,0.000000,0.000,0.000,AP
2026-08-08 20:32:47,1900-01-00 00:00:00,Wifi House ,98:25:4A:CA:FA:04,-85, WPA2 ,0.000000,0.000000,0.000,0.000,AP
2026-08-08 20:32:47,1900-01-00 00:00:00,Wifi House ,98:25:4A:CA:FA:04,-85, WPA2 ,0.000000,0.000000,0.000,0.000,AP
2026-08-08 20:32:47,1900-01-00 00:00:00,Wifi House ,98:25:4A:CA:FA:04,-75, WPA2 ,0.000000,0.000000,0.000,0.000,AP
2026-08-08 20:32:47,1900-01-00 00:00:00,Wifi House ,98:25:4A:CA:FA:04,-75, WPA2 ,0.000000,0.000000,0.000,0.000,AP
2026-08-08 20:32:47,1900-01-00 00:00:00,Wifi House ,98:25:4A:CA:FA:04,-75, WPA2 ,0.000000,0.000000,0.000,0.000,AP
2026-08-08 20:32:47,1900-01-00 00:00:00,Wifi House ,98:25:4A:CA:FA:04,-75, WPA2 ,0.000000,0.000000,0.000,0.000,AP
2026-08-08 20:32:47,1900-01-00 00:00:00,Wifi House ,98:25:4A:CA:FA:04,-75, WPA2 ,0.000000,0.000000,0.000,0.000,AP
2026-08-08 20:32:47,1900-01-00 00:00:00,Wifi House ,98:25:4A:CA:FA:04,-75, WPA2 ,0.000000,0.000000,0.000,0.000,AP
2026-08-08 20:32:47,1900-01-00 00:00:00,Wifi House ,98:25:4A:CA:FA:04,-75, WPA2 ,0.000000,0.000000,0.000,0.000,AP
2026-08-08 20:32:47,1900-01-00 00:00:00,Wifi House ,98:25:4A:CA:FA:04,-75, WPA2 ,0.000000,0.000000,0.000,0.000,AP
2026-08-08 20:32:47,1900-01-00 00:00:00,Wifi House ,98:25:4A:CA:FA:04,-75, WPA2 ,0.000000,0.000000,0.000,0.000,AP
2026-08-08 20:32:47,1900-01-00 00:00:00,Wifi House ,98:25:4A:CA:FA:04,-75, WPA2 ,0.000000,0.000000,0.000,0.000,AP
2026-08-08 20:32:47,1900-01-00 00:00:00,Wifi House ,98:25:4A:CA:FA:04,-75, WPA2 ,0.000000,0.000000,0.000,0.000,AP
2026-08-08 20:32:47,1900-01-00 00:00:00,Wifi House ,98:25:4A:CA:FA:04,-75, WPA2 ,0.000000,0.000000,0.000,0.000,AP
2026-08-08 20:32:47,1900-01-00 00:00:00,Wifi House ,98:25:4A:CA:FA:04,-75, WPA2 ,0.000000,0.000000,0.000,0.000,AP
2026-08-08 20:32:47,1900-01-00 00:00:00,Wifi House ,98:25:4A:CA:FA:04,-75, WPA2 ,0.000000,0.000000,0.000,0.000,AP
2026-08-08 20:32:47,1900-01-00 00:00:00,Wifi House ,98:25:4A:CA:FA:04,-75, WPA2 ,0.000000,0.000000,0.000,0.000,AP
2026-08-08 20:32:47,1900-01-00 00:00:00,Wifi House ,98:25:4A:CA:FA:04,-75, WPA2 ,0.000000,0.000000,0.000,0.000,AP
2026-08-08 20:32:47,1900-01-00 00:00:00,Wifi House ,98:25:4A:CA:FA:04,-75, WPA2 ,0.000000,0.000000,0.000,0.000,AP
2026-08-08 20:32:47,1900-01-00 00:00:00,Wifi House ,98:25:4A:CA:FA:04,-75, WPA2 ,0.000000,0.000000,0.000,0.000,AP
2026-08-08 20:32:47,1900-01-00 00:00:00,Wifi House ,98:25:4A:CA:FA:04,-75, WPA2 ,0.000000,0.000000,0.000,0.000,AP
2026-08-08 20:32:47,1900-01-00 00:00:00,Wifi House ,98:25:4A:CA:FA:04,-75, WPA2 ,0.000000,0.000000,0.000,0.000,AP
2026-08-08 20:32:47,1900-01-00 00:00:00,Wifi House ,98:25:4A:CA:FA:04,-75, WPA2 ,0.000000,0.000000,0.000,0.000,AP
2026-08-08 20:32:47,1900-01-00 00:00:00,Wifi House ,98:25:4A:CA:FA:04,-73, WPA2 ,0.000000,0.000000,0.000,0.000,AP
2026-08-08 20:32:47,1900-01-00 00:00:00,Wifi House ,98:25:4A:CA:FA:04,-73, WPA2 ,0.000000,0.000000,0.000,0.000,AP
2026-08-08 20:32:47,1900-01-00 00:00:00,Wifi House ,98:25:4A:CA:FA:04,-73, WPA2 ,0.000000,0.000000,0.000,0.000,AP
2026-08-08 20:32:47,1900-01-00 00:00:00,Wifi House ,98:25:4A:CA:FA:04,-73, WPA2 ,0.000000,0.000000,0.000,0.000,AP
2026-08-08 20:32:47,1900-01-00 00:00:00,Wifi House ,98:25:4A:CA:FA:04,-73, WPA2 ,0.000000,0.000000,0.000,0.000,AP
2026-08-08 20:32:47,1900-01-00 00:00:00,Wifi House ,98:25:4A:CA:FA:04,-73, WPA2 ,0.000000,0.000000,0.000,0.000,AP
2026-08-08 20:32:47,1900-01-00 00:00:00,Wifi House ,98:25:4A:CA:FA:04,-73, WPA2 ,0.000000,0.000000,0.000,0.000,AP
2026-08-08 20:32:47,1900-01-00 00:00:00,Wifi House ,98:25:4A:CA:FA:04,-73, WPA2 ,0.000000,0.000000,0.000,0.000,AP
2026-08-08 20:32:47,1900-01-00 00:00:00,Wifi House ,98:25:4A:CA:FA:04,-73, WPA2 ,0.000000,0.000000,0.000,0.000,AP
2026-08-08 20:32:47,1900-01-00 00:00:00,Wifi House ,98:25:4A:CA:FA:04,-73, WPA2 ,0.000000,0.000000,0.000,0.000,AP
2026-08-08 20:32:47,1900-01-00 00:00:00,Wifi House ,98:25:4A:CA:FA:04,-73, WPA2 ,0.000000,0.000000,0.000,0.000,AP
2026-08-08 20:32:47,1900-01-00 00:00:00,Wifi House ,98:25:4A:CA:FA:04,-73, WPA2 ,0.000000,0.000000,0.000,0.000,AP
2026-08-08 20:32:47,1900-01-00 00:00:00,Wifi House ,98:25:4A:CA:FA:04,-73, WPA2 ,0.000000,0.000000,0.000,0.000,AP
2026-08-08 20:32:47,1900-01-00 00:00:00,Wifi House ,98:25:4A:CA:FA:04,-73, WPA2 ,0.000000,0.000000,0.000,0.000,AP
2026-08-08 20:32:47,1900-01-00 00:00:00,Wifi House ,98:25:4A:CA:FA:04,-73, WPA2 ,0.000000,0.000000,0.000,0.000,AP
2026-08-08 20:32:47,1900-01-00 00:00:00,Wifi House ,98:25:4A:CA:FA:04,-73, WPA2 ,0.000000,0.000000,0.000,0.000,AP
2026-08-08 20:32:47,1900-01-00 00:00:00,Wifi House ,98:25:4A:CA:FA:04,-73, WPA2 ,0.000000,0.000000,0.000,0.000,AP
2026-08-08 20:32:47,1900-01-00 00:00:00,Wifi House ,98:25:4A:CA:FA:04,-73, WPA2 ,0.000000,0.000000,0.000,0.000,AP
2026-08-08 20:32:47,1900-01-00 00:00:00,Wifi House ,98:25:4A:CA:FA:04,-73, WPA2 ,0.000000,0.000000,0.000,0.000,AP
2026-08-08 20:32:47,1900-01-00 00:00:00,Wifi House ,98:25:4A:CA:FA:04,-73, WPA2 ,0.000000,0.000000,0.000,0.000,AP
2026-08-08 20:32:47,1900-01-00 00:00:00,Wifi House ,98:25:4A:CA:FA:04,-78, WPA2 ,0.000000,0.000000,0.000,0.000,AP
2026-08-08 20:32:47,1900-01-00 00:00:00,Wifi House ,98:25:4A:CA:FA:04,-78, WPA2 ,0.000000,0.000000,0.000,0.000,AP
2026-08-08 20:32:47,1900-01-00 00:00:00,Wifi House ,98:25:4A:CA:FA:04,-78, WPA2 ,0.000000,0.000000,0.000,0.000,AP
2026-08-08 20:32:47,1900-01-00 00:00:00,Wifi House ,98:25:4A:CA:FA:04,-78, WPA2 ,0.000000,0.000000,0.000,0.000,AP
2026-08-08 20:32:47,1900-01-00 00:00:00,Wifi House ,98:25:4A:CA:FA:04,-78, WPA2 ,0.000000,0.000000,0.000,0.000,AP
2026-08-08 20:32:47,1900-01-00 00:00:00,Wifi House ,98:25:4A:CA:FA:04,-78, WPA2 ,0.000000,0.000000,0.000,0.000,AP
2026-08-08 20:32:47,1900-01-00 00:00:00,Wifi House ,98:25:4A:CA:FA:04,-78, WPA2 ,0.000000,0.000000,0.000,0.000,AP
2026-08-08 20:32:47,1900-01-00 00:00:00,Wifi House ,98:25:4A:CA:FA:04,-78, WPA2 ,0.000000,0.000000,0.000,0.000,AP
2026-08-08 20:32:47,1900-01-00 00:00:00,Wifi House ,98:25:4A:CA:FA:04,-78, WPA2 ,0.000000,0.000000,0.000,0.000,AP
2026-08-08 20:32:47,1900-01-00 00:00:00,Wifi House ,98:25:4A:CA:FA:04,-78, WPA2 ,0.000000,0.000000,0.000,0.000,AP
2026-08-08 20:32:47,1900-01-00 00:00:00,Wifi House ,98:25:4A:CA:FA:04,-78, WPA2 ,0.000000,0.000000,0.000,0.000,AP
2026-08-08 20:32:47,1900-01-00 00:00:00,Wifi House ,98:25:4A:CA:FA:04,-78, WPA2 ,0.000000,0.000000,0.000,0.000,AP
2026-08-08 20:32:47,1900-01-00 00:00:00,Wifi House ,98:25:4A:CA:FA:04,-78, WPA2 ,0.000000,0.000000,0.000,0.000,AP
2026-08-08 20:32:47,1900-01-00 00:00:00,Wifi House ,98:25:4A:CA:FA:04,-78, WPA2 ,0.000000,0.000000,0.000,0.000,AP
2026-08-08 20:32:47,1900-01-00 00:00:00,Wifi House ,98:25:4A:CA:FA:04,-78, WPA2 ,0.000000,0.000000,0.000,0.000,AP
2026-08-08 20:32:47,1900-01-00 00:00:00,Wifi House ,98:25:4A:CA:FA:04,-63, WPA2 ,0.000000,0.000000,0.000,0.000,AP
2026-08-08 20:32:47,1900-01-00 00:00:00,Wifi House ,98:25:4A:CA:FA:04,-63, WPA2 ,0.000000,0.000000,0.000,0.000,AP
2026-08-08 20:32:47,1900-01-00 00:00:00,Wifi House ,98:25:4A:CA:FA:04,-63, WPA2 ,0.000000,0.000000,0.000,0.000,AP
2026-08-08 20:32:47,1900-01-00 00:00:00,Wifi House ,98:25:4A:CA:FA:04,-63, WPA2 ,0.000000,0.000000,0.000,0.000,AP
2026-08-08 20:32:47,1900-01-00 00:00:00,Wifi House ,98:25:4A:CA:FA:04,-63, WPA2 ,0.000000,0.000000,0.000,0.000,AP
2026-08-08 20:32:47,1900-01-00 00:00:00,Wifi House ,98:25:4A:CA:FA:04,-63, WPA2 ,0.000000,0.000000,0.000,0.000,AP
2026-08-08 20:32:47,1900-01-00 00:00:00,Wifi House ,98:25:4A:CA:FA:04,-63, WPA2 ,0.000000,0.000000,0.000,0.000,AP
2026-08-08 20:32:47,1900-01-00 00:00:00,Wifi House ,98:25:4A:CA:FA:04,-63, WPA2 ,0.000000,0.000000,0.000,0.000,AP
2026-08-08 20:32:47,1900-01-00 00:00:00,Wifi House ,98:25:4A:CA:FA:04,-63, WPA2 ,0.000000,0.000000,0.000,0.000,AP
2026-08-08 20:32:47,1900-01-00 00:00:00,Wifi House ,98:25:4A:CA:FA:04,-78, WPA2 ,0.000000,0.000000,0.000,0.000,AP
2026-08-08 20:32:47,1900-01-00 00:00:00,Wifi House ,98:25:4A:CA:FA:04,-78, WPA2 ,0.000000,0.000000,0.000,0.000,AP
2026-08-08 20:32:47,1900-01-00 00:00:00,Wifi House ,98:25:4A:CA:FA:04,-78, WPA2 ,0.000000,0.000000,0.000,0.000,AP
2026-08-08 20:32:47,1900-01-00 00:00:00,Wifi House ,98:25:4A:CA:FA:04,-78, WPA2 ,0.000000,0.000000,0.000,0.000,AP
2026-08-08 20:32:47,1900-01-00 00:00:00,Wifi House ,98:25:4A:CA:FA:04,-78, WPA2 ,0.000000,0.000000,0.000,0.000,AP
2026-08-08 20:32:47,1900-01-00 00:00:00,Wifi House ,98:25:4A:CA:FA:04,-78, WPA2 ,0.000000,0.000000,0.000,0.000,AP
2026-08-08 20:32:47,1900-01-00 00:00:00,Wifi House ,98:25:4A:CA:FA:04,-60, WPA2 ,0.000000,0.000000,0.000,0.000,AP
2026-08-08 20:32:47,1900-01-00 00:00:00,Wifi House ,98:25:4A:CA:FA:04,-60, WPA2 ,0.000000,0.000000,0.000,0.000,AP
2026-08-08 20:32:47,1900-01-00 00:00:00,Wifi House ,98:25:4A:CA:FA:04,-60, WPA2 ,0.000000,0.000000,0.000,0.000,AP
2026-08-08 20:32:47,1900-01-00 00:00:00,Wifi House ,98:25:4A:CA:FA:04,-61, WPA2 ,0.000000,0.000000,0.000,0.000,AP
2026-08-08 20:32:47,1900-01-00 00:00:00,Wifi House ,98:25:4A:CA:FA:04,-61, WPA2 ,0.000000,0.000000,0.000,0.000,AP
2026-08-08 20:32:47,1900-01-00 00:00:00,Wifi House ,98:25:4A:CA:FA:04,-61, WPA2 ,0.000000,0.000000,0.000,0.000,AP
2026-08-08 20:32:47,1900-01-00 00:00:00,Wifi House ,98:25:4A:CA:FA:04,-61, WPA2 ,0.000000,0.000000,0.000,0.000,AP
2026-08-08 20:32:47,1900-01-00 00:00:00,Wifi House ,98:25:4A:CA:FA:04,-61, WPA2 ,0.000000,0.000000,0.000,0.000,AP
2026-08-08 20:32:47,1900-01-00 00:00:00,Wifi House ,98:25:4A:CA:FA:04,-61, WPA2 ,0.000000,0.000000,0.000,0.000,AP
2026-08-08 20:32:47,1900-01-00 00:00:00,Wifi House ,98:25:4A:CA:FA:04,-62, WPA2 ,0.000000,0.000000,0.000,0.000,AP
2026-08-08 20:32:47,1900-01-00 00:00:00,Wifi House ,98:25:4A:CA:FA:04,-62, WPA2 ,0.000000,0.000000,0.000,0.000,AP
2026-08-08 20:32:47,1900-01-00 00:00:00,Wifi House ,98:25:4A:CA:FA:04,-78, WPA2 ,0.000000,0.000000,0.000,0.000,AP
2026-08-08 20:32:47,1900-01-00 00:00:00,Wifi House ,98:25:4A:CA:FA:04,-78, WPA2 ,0.000000,0.000000,0.000,0.000,AP
2026-08-08 20:32:47,1900-01-00 00:00:00,Wifi House ,98:25:4A:CA:FA:04,-78, WPA2 ,0.000000,0.000000,0.000,0.000,AP
2026-08-08 20:32:47,1900-01-00 00:00:00,Wifi House ,98:25:4A:CA:FA:04,-78, WPA2 ,0.000000,0.000000,0.000,0.000,AP
2026-08-08 20:32:47,1900-01-00 00:00:00,Wifi House ,98:25:4A:CA:FA:04,-78, WPA2 ,0.000000,0.000000,0.000,0.000,AP
2026-08-08 20:32:47,1900-01-00 00:00:00,Wifi House ,98:25:4A:CA:FA:04,-78, WPA2 ,0.000000,0.000000,0.000,0.000,AP
2026-08-08 20:32:47,1900-01-00 00:00:00,Wifi House ,98:25:4A:CA:FA:04,-78, WPA2 ,0.000000,0.000000,0.000,0.000,AP
2026-08-08 20:32:47,1900-01-00 00:00:00,Wifi House ,98:25:4A:CA:FA:04,-78, WPA2 ,0.000000,0.000000,0.000,0.000,AP
2026-08-08 20:32:47,1900-01-00 00:00:00,Wifi House ,98:25:4A:CA:FA:04,-78, WPA2 ,0.000000,0.000000,0.000,0.000,AP
2026-08-08 20:32:47,1900-01-00 00:00:00,Wifi House ,98:25:4A:CA:FA:04,-60, WPA2 ,0.000000,0.000000,0.000,0.000,AP
2026-08-08 20:32:47,1900-01-00 00:00:00,Wifi House ,98:25:4A:CA:FA:04,-60, WPA2 ,0.000000,0.000000,0.000,0.000,AP
2026-08-08 20:32:47,1900-01-00 00:00:00,Wifi House ,98:25:4A:CA:FA:04,-60, WPA2 ,0.000000,0.000000,0.000,0.000,AP
2026-08-08 20:32:47,1900-01-00 00:00:00,Wifi House ,98:25:4A:CA:FA:04,-59, WPA2 ,0.000000,0.000000,0.000,0.000,AP
2026-08-08 20:32:47,1900-01-00 00:00:00,Wifi House ,98:25:4A:CA:FA:04,-59, WPA2 ,0.000000,0.000000,0.000,0.000,AP
2026-08-08 20:32:47,1900-01-00 00:00:00,Wifi House ,98:25:4A:CA:FA:04,-59, WPA2 ,0.000000,0.000000,0.000,0.000,AP
2026-08-08 20:32:47,1900-01-00 00:00:00,Wifi House ,98:25:4A:CA:FA:04,-59, WPA2 ,0.000000,0.000000,0.000,0.000,AP
2026-08-08 20:32:47,1900-01-00 00:00:00,Wifi House ,98:25:4A:CA:FA:04,-59, WPA2 ,0.000000,0.000000,0.000,0.000,AP
2026-08-08 20:32:47,1900-01-00 00:00:00,Wifi House ,98:25:4A:CA:FA:04,-59, WPA2 ,0.000000,0.000000,0.000,0.000,AP
2026-08-08 20:32:47,1900-01-00 00:00:00,Wifi House ,98:25:4A:CA:FA:04,-60, WPA2 ,0.000000,0.000000,0.000,0.000,AP
2026-08-08 20:32:47,1900-01-00 00:00:00,Wifi House ,98:25:4A:CA:FA:04,-60, WPA2 ,0.000000,0.000000,0.000,0.000,AP
2026-08-08 20:32:47,1900-01-00 00:00:00,Wifi House ,98:25:4A:CA:FA:04,-60, WPA2 ,0.000000,0.000000,0.000,0.000,AP
2026-08-08 20:32:47,1900-01-00 00:00:00,Wifi House ,98:25:4A:CA:FA:04,-59, WPA2 ,0.000000,0.000000,0.000,0.000,AP
2026-08-08 20:32:47,1900-01-00 00:00:00,Wifi House ,98:25:4A:CA:FA:04,-59, WPA2 ,0.000000,0.000000,0.000,0.000,AP
2026-08-08 20:32:47,1900-01-00 00:00:00,Wifi House ,98:25:4A:CA:FA:04,-59, WPA2 ,0.000000,0.000000,0.000,0.000,AP
2026-08-08 20:32:47,1900-01-00 00:00:00,Wifi House ,98:25:4A:CA:FA:04,-79, WPA2 ,0.000000,0.000000,0.000,0.000,AP
2026-08-08 20:32:47,1900-01-00 00:00:00,Wifi House ,98:25:4A:CA:FA:04,-79, WPA2 ,0.000000,0.000000,0.000,0.000,AP
2026-08-08 20:32:47,1900-01-00 00:00:00,Wifi House ,98:25:4A:CA:FA:04,-60, WPA2 ,0.000000,0.000000,0.000,0.000,AP
2026-08-08 20:32:47,1900-01-00 00:00:00,Wifi House ,98:25:4A:CA:FA:04,-60, WPA2 ,0.000000,0.000000,0.000,0.000,AP
2026-08-08 20:32:47,1900-01-00 00:00:00,Wifi House ,98:25:4A:CA:FA:04,-60, WPA2 ,0.000000,0.000000,0.000,0.000,AP
2026-08-08 20:32:47,1900-01-00 00:00:00,Wifi House ,98:25:4A:CA:FA:04,-60, WPA2 ,0.000000,0.000000,0.000,0.000,AP
2026-08-08 20:32:47,1900-01-00 00:00:00,Wifi House ,98:25:4A:CA:FA:04,-60, WPA2 ,0.000000,0.000000,0.000,0.000,AP
2026-08-08 20:32:47,1900-01-00 00:00:00,Wifi House ,98:25:4A:CA:FA:04,-60, WPA2 ,0.000000,0.000000,0.000,0.000,AP
2026-08-08 20:32:47,1900-01-00 00:00:00,Wifi House ,98:25:4A:CA:FA:04,-60, WPA2 ,0.000000,0.000000,0.000,0.000,AP
2026-08-08 20:32:47,1900-01-00 00:00:00,Wifi House ,98:25:4A:CA:FA:04,-60, WPA2 ,0.000000,0.000000,0.000,0.000,AP
2026-08-08 20:32:47,1900-01-00 00:00:00,Wifi House ,98:25:4A:CA:FA:04,-60, WPA2 ,0.000000,0.000000,0.000,0.000,AP
2026-08-08 20:32:47,1900-01-00 00:00:00,Wifi House ,98:25:4A:CA:FA:04,-60, WPA2 ,0.000000,0.000000,0.000,0.000,AP
2026-08-08 20:32:47,1900-01-00 00:00:00,Wifi House ,98:25:4A:CA:FA:04,-60, WPA2 ,0.000000,0.000000,0.000,0.000,AP
2026-08-08 20:32:47,1900-01-00 00:00:00,Wifi House ,98:25:4A:CA:FA:04,-60, WPA2 ,0.000000,0.000000,0.000,0.000,AP
2026-08-08 20:32:47,1900-01-00 00:00:00,Wifi House ,98:25:4A:CA:FA:04,-59, WPA2 ,0.000000,0.000000,0.000,0.000,AP
2026-08-08 20:32:47,1900-01-00 00:00:00,Wifi House ,98:25:4A:CA:FA:04,-59, WPA2 ,0.000000,0.000000,0.000,0.000,AP
2026-08-08 20:32:47,1900-01-00 00:00:00,Wifi House ,98:25:4A:CA:FA:04,-59, WPA2 ,0.000000,0.000000,0.000,0.000,AP
2026-08-08 20:32:47,1900-01-00 00:00:00,Wifi House ,98:25:4A:CA:FA:04,-60, WPA2 ,0.000000,0.000000,0.000,0.000,AP
2026-08-08 20:32:47,1900-01-00 00:00:00,Wifi House ,98:25:4A:CA:FA:04,-60, WPA2 ,0.000000,0.000000,0.000,0.000,AP
2026-08-08 20:32:47,1900-01-00 00:00:00,Wifi House ,98:25:4A:CA:FA:04,-60, WPA2 ,0.000000,0.000000,0.000,0.000,AP
2026-08-08 20:32:47,1900-01-00 00:00:00,Wifi House ,98:25:4A:CA:FA:04,-61, WPA2 ,0.000000,0.000000,0.000,0.000,AP
2026-08-08 20:32:47,1900-01-00 00:00:00,Wifi House ,98:25:4A:CA:FA:04,-61, WPA2 ,0.000000,0.000000,0.000,0.000,AP
2026-08-08 20:32:47,1900-01-00 00:00:00,Wifi House ,98:25:4A:CA:FA:04,-61, WPA2 ,0.000000,0.000000,0.000,0.000,AP
2026-08-08 20:32:47,1900-01-00 00:00:00,Wifi House ,98:25:4A:CA:FA:04,-60, WPA2 ,0.000000,0.000000,0.000,0.000,AP
2026-08-08 20:32:47,1900-01-00 00:00:00,Wifi House ,98:25:4A:CA:FA:04,-60, WPA2 ,0.000000,0.000000,0.000,0.000,AP
2026-08-08 20:32:47,1900-01-00 00:00:00,Wifi House ,98:25:4A:CA:FA:04,-59, WPA2 ,0.000000,0.000000,0.000,0.000,AP
2026-08-08 20:32:47,1900-01-00 00:00:00,Wifi House ,98:25:4A:CA:FA:04,-59, WPA2 ,0.000000,0.000000,0.000,0.000,AP
2026-08-08 20:32:47,1900-01-00 00:00:00,Wifi House ,98:25:4A:CA:FA:04,-59, WPA2 ,0.000000,0.000000,0.000,0.000,AP
2026-08-08 20:32:47,1900-01-00 00:00:00,Wifi House ,98:25:4A:CA:FA:04,-59, WPA2 ,0.000000,0.000000,0.000,0.000,AP
2026-08-08 20:32:47,1900-01-00 00:00:00,Wifi House ,98:25:4A:CA:FA:04,-59, WPA2 ,0.000000,0.000000,0.000,0.000,AP
2026-08-08 20:32:47,1900-01-00 00:00:00,Wifi House ,98:25:4A:CA:FA:04,-59, WPA2 ,0.000000,0.000000,0.000,0.000,AP
2026-08-08 20:32:47,1900-01-00 00:00:00,Wifi House ,98:25:4A:CA:FA:04,-59, WPA2 ,0.000000,0.000000,0.000,0.000,AP
2026-08-08 20:32:47,1900-01-00 00:00:00,Wifi House ,98:25:4A:CA:FA:04,-59, WPA2 ,0.000000,0.000000,0.000,0.000,AP
2026-08-08 20:32:47,1900-01-00 00:00:00,Wifi House ,98:25:4A:CA:FA:04,-59, WPA2 ,0.000000,0.000000,0.000,0.000,AP
2026-08-08 20:32:47,1900-01-00 00:00:00,Wifi House ,98:25:4A:CA:FA:04,-59, WPA2 ,0.000000,0.000000,0.000,0.000,AP
2026-08-08 20:32:47,1900-01-00 00:00:00,Wifi House ,98:25:4A:CA:FA:04,-59, WPA2 ,0.000000,0.000000,0.000,0.000,AP
2026-08-08 20:32:47,1900-01-00 00:00:00,Wifi House ,98:25:4A:CA:FA:04,-59, WPA2 ,0.000000,0.000000,0.000,0.000,AP
2026-08-08 20:32:47,1900-01-00 00:00:00,Wifi House ,98:25:4A:CA:FA:04,-59, WPA2 ,0.000000,0.000000,0.000,0.000,AP
2026-08-08 20:32:47,1900-01-00 00:00:00,Wifi House ,98:25:4A:CA:FA:04,-59, WPA2 ,0.000000,0.000000,0.000,0.000,AP
2026-08-08 20:32:47,1900-01-00 00:00:00,Wifi House ,98:25:4A:CA:FA:04,-59, WPA2 ,0.000000,0.000000,0.000,0.000,AP
2026-08-08 20:32:47,1900-01-00 00:00:00,Wifi House ,98:25:4A:CA:FA:04,-59, WPA2 ,0.000000,0.000000,0.000,0.000,AP
2026-08-08 20:32:47,1900-01-00 00:00:00,Wifi House ,98:25:4A:CA:FA:04,-59, WPA2 ,0.000000,0.000000,0.000,0.000,AP
2026-08-08 20:32:47,1900-01-00 00:00:00,Wifi House ,98:25:4A:CA:FA:04,-59, WPA2 ,0.000000,0.000000,0.000,0.000,AP
2026-08-08 20:32:47,1900-01-00 00:00:00,Wifi House ,98:25:4A:CA:FA:04,-59, WPA2 ,0.000000,0.000000,0.000,0.000,AP
2026-08-08 20:32:47,1900-01-00 00:00:00,Wifi House ,98:25:4A:CA:FA:04,-59, WPA2 ,0.000000,0.000000,0.000,0.000,AP
2026-08-08 20:32:47,1900-01-00 00:00:00,Wifi House ,98:25:4A:CA:FA:04,-59, WPA2 ,0.000000,0.000000,0.000,0.000,AP
2026-08-08 20:32:47,1900-01-00 00:00:00,Wifi House ,98:25:4A:CA:FA:04,-59, WPA2 ,0.000000,0.000000,0.000,0.000,AP
2026-08-08 20:32:47,1900-01-00 00:00:00,Wifi House ,98:25:4A:CA:FA:04,-59, WPA2 ,0.000000,0.000000,0.000,0.000,AP
2026-08-08 20:32:47,1900-01-00 00:00:00,Wifi House ,98:25:4A:CA:FA:04,-59, WPA2 ,0.000000,0.000000,0.000,0.000,AP
2026-08-08 20:32:47,1900-01-00 00:00:00,Wifi House ,98:25:4A:CA:FA:04,-59, WPA2 ,0.000000,0.000000,0.000,0.000,AP
2026-08-08 20:32:47,1900-01-00 00:00:00,Wifi House ,98:25:4A:CA:FA:04,-59, WPA2 ,0.000000,0.000000,0.000,0.000,AP
2026-08-08 20:32:47,1900-01-00 00:00:00,Wifi House ,98:25:4A:CA:FA:04,-59, WPA2 ,0.000000,0.000000,0.000,0.000,AP
2026-08-08 20:32:47,1900-01-00 00:00:00,Wifi House ,98:25:4A:CA:FA:04,-59, WPA2 ,0.000000,0.000000,0.000,0.000,AP
2026-08-08 20:32:47,1900-01-00 00:00:00,Wifi House ,98:25:4A:CA:FA:04,-59, WPA2 ,0.000000,0.000000,0.000,0.000,AP
2026-08-08 20:32:47,1900-01-00 00:00:00,Wifi House ,98:25:4A:CA:FA:04,-59, WPA2 ,0.000000,0.000000,0.000,0.000,AP
2026-08-08 20:32:47,1900-01-00 00:00:00,Wifi House ,98:25:4A:CA:FA:04,-59, WPA2 ,0.000000,0.000000,0.000,0.000,AP
2026-08-08 20:32:47,1900-01-00 00:00:00,Wifi House ,98:25:4A:CA:FA:04,-59, WPA2 ,0.000000,0.000000,0.000,0.000,AP
2026-08-08 20:32:47,1900-01-00 00:00:00,Wifi House ,98:25:4A:CA:FA:04,-70, WPA2 ,0.000000,0.000000,0.000,0.000,AP
2026-08-08 20:32:47,1900-01-00 00:00:00,Wifi House ,98:25:4A:CA:FA:04,-70, WPA2 ,0.000000,0.000000,0.000,0.000,AP
2026-08-08 20:32:47,1900-01-00 00:00:00,Wifi House ,98:25:4A:CA:FA:04,-70, WPA2 ,0.000000,0.000000,0.000,0.000,AP
2026-08-08 20:32:47,1900-01-00 00:00:00,Wifi House ,98:25:4A:CA:FA:04,-70, WPA2 ,0.000000,0.000000,0.000,0.000,AP
2026-08-08 20:32:47,1900-01-00 00:00:00,Wifi House ,98:25:4A:CA:FA:04,-70, WPA2 ,0.000000,0.000000,0.000,0.000,AP
2026-08-08 20:32:47,1900-01-00 00:00:00,Wifi House ,98:25:4A:CA:FA:04,-70, WPA2 ,0.000000,0.000000,0.000,0.000,AP
2026-08-08 20:32:47,1900-01-00 00:00:00,Wifi House ,98:25:4A:CA:FA:04,-84, WPA2 ,0.000000,0.000000,0.000,0.000,AP
2026-08-08 20:32:47,1900-01-00 00:00:00,Wifi House ,98:25:4A:CA:FA:04,-84, WPA2 ,0.000000,0.000000,0.000,0.000,AP
2026-08-08 20:32:47,1900-01-00 00:00:00,Wifi House ,98:25:4A:CA:FA:04,-84, WPA2 ,0.000000,0.000000,0.000,0.000,AP
2026-08-08 20:32:47,1900-01-00 00:00:00,Wifi House ,98:25:4A:CA:FA:04,-84, WPA2 ,0.000000,0.000000,0.000,0.000,AP
2026-08-08 20:32:47,1900-01-00 00:00:00,Wifi House ,98:25:4A:CA:FA:04,-84, WPA2 ,0.000000,0.000000,0.000,0.000,AP
2026-08-08 20:32:47,1900-01-00 00:00:00,Wifi House ,98:25:4A:CA:FA:04,-84, WPA2 ,0.000000,0.000000,0.000,0.000,AP
2026-08-08 20:32:47,1900-01-00 00:00:00,Wifi House ,98:25:4A:CA:FA:04,-84, WPA2 ,0.000000,0.000000,0.000,0.000,AP
2026-08-08 20:32:47,1900-01-00 00:00:00,Wifi House ,98:25:4A:CA:FA:04,-84, WPA2 ,0.000000,0.000000,0.000,0.000,AP
2026-08-08 20:32:47,1900-01-00 00:00:00,Wifi House ,98:25:4A:CA:FA:04,-84, WPA2 ,0.000000,0.000000,0.000,0.000,AP
2026-08-08 20:32:47,1900-01-00 00:00:00,Wifi House ,98:25:4A:CA:FA:04,-84, WPA2 ,0.000000,0.000000,0.000,0.000,AP
2026-08-08 20:32:47,1900-01-00 00:00:00,Wifi House ,98:25:4A:CA:FA:04,-84, WPA2 ,0.000000,0.000000,0.000,0.000,AP
2026-08-08 20:32:47,1900-01-00 00:00:00,Wifi House ,98:25:4A:CA:FA:04,-84, WPA2 ,0.000000,0.000000,0.000,0.000,AP
2026-08-08 20:32:47,1900-01-00 00:00:00,Wifi House ,98:25:4A:CA:FA:04,-84, WPA2 ,0.000000,0.000000,0.000,0.000,AP
2026-08-08 20:32:47,1900-01-00 00:00:00,Wifi House ,98:25:4A:CA:FA:04,-84, WPA2 ,0.000000,0.000000,0.000,0.000,AP
2026-08-08 20:32:47,1900-01-00 00:00:00,Wifi House ,98:25:4A:CA:FA:04,-82, WPA2 ,0.000000,0.000000,0.000,0.000,AP
2026-08-08 20:32:47,1900-01-00 00:00:00,Wifi House ,98:25:4A:CA:FA:04,-82, WPA2 ,0.000000,0.000000,0.000,0.000,AP
2026-08-08 20:32:47,1900-01-00 00:00:00,Wifi House ,98:25:4A:CA:FA:04,-82, WPA2 ,0.000000,0.000000,0.000,0.000,AP
2026-08-08 20:32:47,1900-01-00 00:00:00,Wifi House ,98:25:4A:CA:FA:04,-82, WPA2 ,0.000000,0.000000,0.000,0.000,AP
2026-08-08 20:32:47,1900-01-00 00:00:00,Wifi House ,98:25:4A:CA:FA:04,-82, WPA2 ,0.000000,0.000000,0.000,0.000,AP
2026-08-08 20:32:47,1900-01-00 00:00:00,Wifi House ,98:25:4A:CA:FA:04,-82, WPA2 ,0.000000,0.000000,0.000,0.000,AP
2026-08-08 20:32:47,1900-01-00 00:00:00,Wifi House ,98:25:4A:CA:FA:04,-79, WPA2 ,0.000000,0.000000,0.000,0.000,AP
2026-08-08 20:32:47,1900-01-00 00:00:00,Wifi House ,98:25:4A:CA:FA:04,-79, WPA2 ,0.000000,0.000000,0.000,0.000,AP
2026-08-08 20:32:47,1900-01-00 00:00:00,Wifi House ,98:25:4A:CA:FA:04,-82, WPA2 ,0.000000,0.000000,0.000,0.000,AP
2026-08-08 20:32:47,1900-01-00 00:00:00,Wifi House ,98:25:4A:CA:FA:04,-82, WPA2 ,0.000000,0.000000,0.000,0.000,AP
2026-08-08 20:32:47,1900-01-00 00:00:00,Wifi House ,98:25:4A:CA:FA:04,-82, WPA2 ,0.000000,0.000000,0.000,0.000,AP
2026-08-08 20:32:47,1900-01-00 00:00:00,Wifi House ,98:25:4A:CA:FA:04,-82, WPA2 ,0.000000,0.000000,0.000,0.000,AP
2026-08-08 20:32:47,1900-01-00 00:00:00,Wifi House ,98:25:4A:CA:FA:04,-82, WPA2 ,0.000000,0.000000,0.000,0.000,AP
2026-08-08 20:32:47,1900-01-00 00:00:00,Wifi House ,98:25:4A:CA:FA:04,-82, WPA2 ,0.000000,0.000000,0.000,0.000,AP
2026-08-08 20:32:47,1900-01-00 00:00:00,Wifi House ,98:25:4A:CA:FA:04,-82, WPA2 ,0.000000,0.000000,0.000,0.000,AP
2026-08-08 20:32:47,1900-01-00 00:00:00,Wifi House ,98:25:4A:CA:FA:04,-82, WPA2 ,0.000000,0.000000,0.000,0.000,AP
2026-08-08 20:32:47,1900-01-00 00:00:00,Wifi House ,98:25:4A:CA:FA:04,-82, WPA2 ,0.000000,0.000000,0.000,0.000,AP
2026-08-08 20:32:47,1900-01-00 00:00:00,Wifi House ,98:25:4A:CA:FA:04,-82, WPA2 ,0.000000,0.000000,0.000,0.000,AP
2026-08-08 20:32:47,1900-01-00 00:00:00,Wifi House ,98:25:4A:CA:FA:04,-82, WPA2 ,0.000000,0.000000,0.000,0.000,AP
2026-08-08 20:32:47,1900-01-00 00:00:00,Wifi House ,98:25:4A:CA:FA:04,-82, WPA2 ,0.000000,0.000000,0.000,0.000,AP
2026-08-08 20:32:47,1900-01-00 00:00:00,Wifi House ,98:25:4A:CA:FA:04,-82, WPA2 ,0.000000,0.000000,0.000,0.000,AP
2026-08-08 20:32:47,1900-01-00 00:00:00,Wifi House ,98:25:4A:CA:FA:04,-82, WPA2 ,0.000000,0.000000,0.000,0.000,AP
2026-08-08 20:32:47,1900-01-00 00:00:00,Wifi House ,98:25:4A:CA:FA:04,-82, WPA2 ,0.000000,0.000000,0.000,0.000,AP
2026-08-08 20:32:47,1900-01-00 00:00:00,Wifi House ,98:25:4A:CA:FA:04,-82, WPA2 ,0.000000,0.000000,0.000,0.000,AP
2026-08-08 20:32:47,1900-01-00 00:00:00,Wifi House ,98:25:4A:CA:FA:04,-82, WPA2 ,0.000000,0.000000,0.000,0.000,AP
2026-08-08 20:32:47,1900-01-00 00:00:00,Wifi House ,98:25:4A:CA:FA:04,-82, WPA2 ,0.000000,0.000000,0.000,0.000,AP
2026-08-08 20:32:47,1900-01-00 00:00:00,Wifi House ,98:25:4A:CA:FA:04,-82, WPA2 ,0.000000,0.000000,0.000,0.000,AP
2026-08-08 20:32:47,1900-01-00 00:00:00,Wifi House ,98:25:4A:CA:FA:04,-82, WPA2 ,0.000000,0.000000,0.000,0.000,AP
2026-08-08 20:32:47,1900-01-00 00:00:00,Wifi House ,98:25:4A:CA:FA:04,-73, WPA2 ,0.000000,0.000000,0.000,0.000,AP
2026-08-08 20:32:47,1900-01-00 00:00:00,Wifi House ,98:25:4A:CA:FA:04,-73, WPA2 ,0.000000,0.000000,0.000,0.000,AP
2026-08-08 20:32:47,1900-01-00 00:00:00,Wifi House ,98:25:4A:CA:FA:04,-73, WPA2 ,0.000000,0.000000,0.000,0.000,AP
2026-08-08 20:32:47,1900-01-00 00:00:00,Wifi House ,98:25:4A:CA:FA:04,-73, WPA2 ,0.000000,0.000000,0.000,0.000,AP
2026-08-08 20:32:47,1900-01-00 00:00:00,Wifi House ,98:25:4A:CA:FA:04,-73, WPA2 ,0.000000,0.000000,0.000,0.000,AP
2026-08-08 20:32:47,1900-01-00 00:00:00,Wifi House ,98:25:4A:CA:FA:04,-87, WPA2 ,0.000000,0.000000,0.000,0.000,AP
2026-08-08 20:32:47,1900-01-00 00:00:00,Wifi House ,98:25:4A:CA:FA:04,-87, WPA2 ,0.000000,0.000000,0.000,0.000,AP
2026-08-08 20:32:47,1900-01-00 00:00:00,Wifi House ,98:25:4A:CA:FA:04,-87, WPA2 ,0.000000,0.000000,0.000,0.000,AP
2026-08-08 20:32:47,1900-01-00 00:00:00,Wifi House ,98:25:4A:CA:FA:04,-87, WPA2 ,0.000000,0.000000,0.000,0.000,AP
2026-08-08 20:32:47,1900-01-00 00:00:00,Wifi House ,98:25:4A:CA:FA:04,-87, WPA2 ,0.000000,0.000000,0.000,0.000,AP
2026-08-08 20:32:47,1900-01-00 00:00:00,Wifi House ,98:25:4A:CA:FA:04,-87, WPA2 ,0.000000,0.000000,0.000,0.000,AP
2026-08-08 20:32:47,1900-01-00 00:00:00,Wifi House ,98:25:4A:CA:FA:04,-87, WPA2 ,0.000000,0.000000,0.000,0.000,AP
2026-08-08 20:32:47,1900-01-00 00:00:00,Wifi House ,98:25:4A:CA:FA:04,-87, WPA2 ,0.000000,0.000000,0.000,0.000,AP
2026-08-08 20:32:47,1900-01-00 00:00:00,Wifi House ,98:25:4A:CA:FA:04,-87, WPA2 ,0.000000,0.000000,0.000,0.000,AP
2026-08-08 20:32:47,1900-01-00 00:00:00,Wifi House ,98:25:4A:CA:FA:04,-87, WPA2 ,0.000000,0.000000,0.000,0.000,AP
2026-08-08 20:32:47,1900-01-00 00:00:00,Wifi House ,98:25:4A:CA:FA:04,-87, WPA2 ,0.000000,0.000000,0.000,0.000,AP
2026-08-08 20:32:47,1900-01-00 00:00:00,Wifi House ,98:25:4A:CA:FA:04,-87, WPA2 ,0.000000,0.000000,0.000,0.000,AP
2026-08-08 20:32:47,1900-01-00 00:00:00,Wifi House ,98:25:4A:CA:FA:04,-87, WPA2 ,0.000000,0.000000,0.000,0.000,AP
2026-08-08 20:32:47,1900-01-00 00:00:00,Wifi House ,98:25:4A:CA:FA:04,-87, WPA2 ,0.000000,0.000000,0.000,0.000,AP
2026-08-08 20:32:47,1900-01-00 00:00:00,Wifi House ,98:25:4A:CA:FA:04,-87, WPA2 ,0.000000,0.000000,0.000,0.000,AP
2026-08-08 20:32:47,1900-01-00 00:00:00,Wifi House ,98:25:4A:CA:FA:04,-87, WPA2 ,0.000000,0.000000,0.000,0.000,AP
2026-08-08 20:32:47,1900-01-00 00:00:00,Wifi House ,98:25:4A:CA:FA:04,-87, WPA2 ,0.000000,0.000000,0.000,0.000,AP
2026-08-08 20:32:47,1900-01-00 00:00:00,Wifi House ,98:25:4A:CA:FA:04,-87, WPA2 ,0.000000,0.000000,0.000,0.000,AP
2026-08-08 20:32:47,1900-01-00 00:00:00,Wifi House ,98:25:4A:CA:FA:04,-87, WPA2 ,0.000000,0.000000,0.000,0.000,AP
2026-08-08 20:32:47,1900-01-00 00:00:00,Wifi House ,98:25:4A:CA:FA:04,-79, WPA2 ,0.000000,0.000000,0.000,0.000,AP
2026-08-08 20:32:47,1900-01-00 00:00:00,Wifi House ,98:25:4A:CA:FA:04,-79, WPA2 ,0.000000,0.000000,0.000,0.000,AP
2026-08-08 20:32:47,1900-01-00 00:00:00,Wifi House ,98:25:4A:CA:FA:04,-79, WPA2 ,0.000000,0.000000,0.000,0.000,AP
2026-08-08 20:32:47,1900-01-00 00:00:00,Wifi House ,98:25:4A:CA:FA:04,-79, WPA2 ,0.000000,0.000000,0.000,0.000,AP
2026-08-08 20:32:47,1900-01-00 00:00:00,Wifi House ,98:25:4A:CA:FA:04,-79, WPA2 ,0.000000,0.000000,0.000,0.000,AP
2026-08-08 20:32:47,1900-01-00 00:00:00,Wifi House ,98:25:4A:CA:FA:04,-79, WPA2 ,0.000000,0.000000,0.000,0.000,AP
2026-08-08 20:32:47,1900-01-00 00:00:00,Wifi House ,98:25:4A:CA:FA:04,-79, WPA2 ,0.000000,0.000000,0.000,0.000,AP
2026-08-08 20:32:47,1900-01-00 00:00:00,Wifi House ,98:25:4A:CA:FA:04,-79, WPA2 ,0.000000,0.000000,0.000,0.000,AP
2026-08-08 20:32:47,1900-01-00 00:00:00,Wifi House ,98:25:4A:CA:FA:04,-79, WPA2 ,0.000000,0.000000,0.000,0.000,AP
2026-08-08 20:32:47,1900-01-00 00:00:00,Wifi House ,98:25:4A:CA:FA:04,-79, WPA2 ,0.000000,0.000000,0.000,0.000,AP
2026-08-08 20:32:47,1900-01-00 00:00:00,Wifi House ,98:25:4A:CA:FA:04,-79, WPA2 ,0.000000,0.000000,0.000,0.000,AP
2026-08-08 20:32:47,1900-01-00 00:00:00,Wifi House ,98:25:4A:CA:FA:04,-79, WPA2 ,0.000000,0.000000,0.000,0.000,AP
2026-08-08 20:32:47,1900-01-00 00:00:00,Wifi House ,98:25:4A:CA:FA:04,-79, WPA2 ,0.000000,0.000000,0.000,0.000,AP
2026-08-08 20:32:47,1900-01-00 00:00:00,Wifi House ,98:25:4A:CA:FA:04,-79, WPA2 ,0.000000,0.000000,0.000,0.000,AP
2026-08-08 20:32:47,1900-01-00 00:00:00,Wifi House ,98:25:4A:CA:FA:04,-79, WPA2 ,0.000000,0.000000,0.000,0.000,AP
2026-08-08 20:32:47,1900-01-00 00:00:00,Wifi House ,98:25:4A:CA:FA:04,-61, WPA2 ,0.000000,0.000000,0.000,0.000,AP
2026-08-08 20:32:47,1900-01-00 00:00:00,Wifi House ,98:25:4A:CA:FA:04,-61, WPA2 ,0.000000,0.000000,0.000,0.000,AP
2026-08-08 20:32:47,1900-01-00 00:00:00,Wifi House ,98:25:4A:CA:FA:04,-61, WPA2 ,0.000000,0.000000,0.000,0.000,AP
2026-08-08 20:32:47,1900-01-00 00:00:00,,88:28:7D:01:CF:40,-65,,0.000000,0.000000,0.000,0.000,Client
2026-08-08 20:32:47,1900-01-00 00:00:00,Wifi House ,98:25:4A:CA:FA:04,-55, WPA2 ,0.000000,0.000000,0.000,0.000,AP
2026-08-08 20:32:47,1900-01-00 00:00:00,Wifi House ,98:25:4A:CA:FA:04,-55, WPA2 ,0.000000,0.000000,0.000,0.000,AP
2026-08-08 20:32:47,1900-01-00 00:00:00,Wifi House ,98:25:4A:CA:FA:04,-55, WPA2 ,0.000000,0.000000,0.000,0.000,AP
2026-08-08 20:32:47,1900-01-00 00:00:00,Wifi House ,98:25:4A:CA:FA:04,-62, WPA2 ,0.000000,0.000000,0.000,0.000,AP
2026-08-08 20:32:47,1900-01-00 00:00:00,Wifi House ,98:25:4A:CA:FA:04,-62, WPA2 ,0.000000,0.000000,0.000,0.000,AP
2026-08-08 20:32:47,1900-01-00 00:00:00,Wifi House ,98:25:4A:CA:FA:04,-62, WPA2 ,0.000000,0.000000,0.000,0.000,AP
2026-08-08 20:32:47,1900-01-00 00:00:00,Wifi House ,98:25:4A:CA:FA:04,-60, WPA2 ,0.000000,0.000000,0.000,0.000,AP
2026-08-08 20:32:47,1900-01-00 00:00:00,Wifi House ,98:25:4A:CA:FA:04,-60, WPA2 ,0.000000,0.000000,0.000,0.000,AP
2026-08-08 20:32:47,1900-01-00 00:00:00,Wifi House ,98:25:4A:CA:FA:04,-60, WPA2 ,0.000000,0.000000,0.000,0.000,AP
2026-08-08 20:32:47,1900-01-00 00:00:00,Wifi House ,98:25:4A:CA:FA:04,-60, WPA2 ,0.000000,0.000000,0.000,0.000,AP
2026-08-08 20:32:47,1900-01-00 00:00:00,Wifi House ,98:25:4A:CA:FA:04,-60, WPA2 ,0.000000,0.000000,0.000,0.000,AP
2026-08-08 20:32:47,1900-01-00 00:00:00,Wifi House ,98:25:4A:CA:FA:04,-60, WPA2 ,0.000000,0.000000,0.000,0.000,AP
2026-08-08 20:32:47,1900-01-00 00:00:00,Wifi House ,98:25:4A:CA:FA:04,-60, WPA2 ,0.000000,0.000000,0.000,0.000,AP
2026-08-08 20:32:47,1900-01-00 00:00:00,Wifi House ,98:25:4A:CA:FA:04,-60, WPA2 ,0.000000,0.000000,0.000,0.000,AP
2026-08-08 20:32:47,1900-01-00 00:00:00,Wifi House ,98:25:4A:CA:FA:04,-60, WPA2 ,0.000000,0.000000,0.000,0.000,AP
2026-08-08 20:32:47,1900-01-00 00:00:00,Wifi House ,98:25:4A:CA:FA:04,-60, WPA2 ,0.000000,0.000000,0.000,0.000,AP
2026-08-08 20:32:47,1900-01-00 00:00:00,Wifi House ,98:25:4A:CA:FA:04,-60, WPA2 ,0.000000,0.000000,0.000,0.000,AP
2026-08-08 20:32:47,1900-01-00 00:00:00,Wifi House ,98:25:4A:CA:FA:04,-60, WPA2 ,0.000000,0.000000,0.000,0.000,AP
2026-08-08 20:32:47,1900-01-00 00:00:00,Wifi House ,98:25:4A:CA:FA:04,-60, WPA2 ,0.000000,0.000000,0.000,0.000,AP
2026-08-08 20:32:47,1900-01-00 00:00:00,Wifi House ,98:25:4A:CA:FA:04,-60, WPA2 ,0.000000,0.000000,0.000,0.000,AP
2026-08-08 20:32:47,1900-01-00 00:00:00,Wifi House ,98:25:4A:CA:FA:04,-60, WPA2 ,0.000000,0.000000,0.000,0.000,AP
2026-08-08 20:32:47,1900-01-00 00:00:00,Wifi House ,98:25:4A:CA:FA:04,-60, WPA2 ,0.000000,0.000000,0.000,0.000,AP
2026-08-08 20:32:47,1900-01-00 00:00:00,Wifi House ,98:25:4A:CA:FA:04,-60, WPA2 ,0.000000,0.000000,0.000,0.000,AP
2026-08-08 20:32:47,1900-01-00 00:00:00,Wifi House ,98:25:4A:CA:FA:04,-60, WPA2 ,0.000000,0.000000,0.000,0.000,AP
2026-08-08 20:32:47,1900-01-00 00:00:00,Wifi House ,98:25:4A:CA:FA:04,-60, WPA2 ,0.000000,0.000000,0.000,0.000,AP
2026-08-08 20:32:47,1900-01-00 00:00:00,Wifi House ,98:25:4A:CA:FA:04,-60, WPA2 ,0.000000,0.000000,0.000,0.000,AP
2026-08-08 20:32:47,1900-01-00 00:00:00,Wifi House ,98:25:4A:CA:FA:04,-60, WPA2 ,0.000000,0.000000,0.000,0.000,AP
2026-08-08 20:32:47,1900-01-00 00:00:00,Wifi House ,98:25:4A:CA:FA:04,-59, WPA2 ,0.000000,0.000000,0.000,0.000,AP
2026-08-08 20:32:47,1900-01-00 00:00:00,Wifi House ,98:25:4A:CA:FA:04,-59, WPA2 ,0.000000,0.000000,0.000,0.000,AP
2026-08-08 20:32:47,1900-01-00 00:00:00,Wifi House ,98:25:4A:CA:FA:04,-59, WPA2 ,0.000000,0.000000,0.000,0.000,AP
2026-08-08 20:32:47,1900-01-00 00:00:00,Wifi House ,98:25:4A:CA:FA:04,-59, WPA2 ,0.000000,0.000000,0.000,0.000,AP
2026-08-08 20:32:47,1900-01-00 00:00:00,Wifi House ,98:25:4A:CA:FA:04,-58, WPA2 ,0.000000,0.000000,0.000,0.000,AP
2026-08-08 20:32:47,1900-01-00 00:00:00,Wifi House ,98:25:4A:CA:FA:04,-58, WPA2 ,0.000000,0.000000,0.000,0.000,AP
2026-08-08 20:32:47,1900-01-00 00:00:00,Wifi House ,98:25:4A:CA:FA:04,-59, WPA2 ,0.000000,0.000000,0.000,0.000,AP
2026-08-08 20:32:47,1900-01-00 00:00:00,Wifi House ,98:25:4A:CA:FA:04,-59, WPA2 ,0.000000,0.000000,0.000,0.000,AP
2026-08-08 20:32:47,1900-01-00 00:00:00,Wifi House ,98:25:4A:CA:FA:04,-59, WPA2 ,0.000000,0.000000,0.000,0.000,AP
2026-08-08 20:32:47,1900-01-00 00:00:00,Wifi House ,98:25:4A:CA:FA:04,-62, WPA2 ,0.000000,0.000000,0.000,0.000,AP
2026-08-08 20:32:47,1900-01-00 00:00:00,Wifi House ,98:25:4A:CA:FA:04,-62, WPA2 ,0.000000,0.000000,0.000,0.000,AP
2026-08-08 20:32:47,1900-01-00 00:00:00,Wifi House ,98:25:4A:CA:FA:04,-62, WPA2 ,0.000000,0.000000,0.000,0.000,AP
2026-08-08 20:32:47,1900-01-00 00:00:00,Wifi House ,98:25:4A:CA:FA:04,-61, WPA2 ,0.000000,0.000000,0.000,0.000,AP
2026-08-08 20:32:47,1900-01-00 00:00:00,Wifi House ,98:25:4A:CA:FA:04,-61, WPA2 ,0.000000,0.000000,0.000,0.000,AP
2026-08-08 20:32:47,1900-01-00 00:00:00,Wifi House ,98:25:4A:CA:FA:04,-61, WPA2 ,0.000000,0.000000,0.000,0.000,AP
2026-08-08 20:32:47,1900-01-00 00:00:00,Wifi House ,98:25:4A:CA:FA:04,-61, WPA2 ,0.000000,0.000000,0.000,0.000,AP
2026-08-08 20:32:47,1900-01-00 00:00:00,Wifi House ,98:25:4A:CA:FA:04,-61, WPA2 ,0.000000,0.000000,0.000,0.000,AP
2026-08-08 20:32:47,1900-01-00 00:00:00,Wifi House ,98:25:4A:CA:FA:04,-61, WPA2 ,0.000000,0.000000,0.000,0.000,AP
2026-08-08 20:32:47,1900-01-00 00:00:00,Wifi House ,98:25:4A:CA:FA:04,-61, WPA2 ,0.000000,0.000000,0.000,0.000,AP
2026-08-08 20:32:47,1900-01-00 00:00:00,Wifi House ,98:25:4A:CA:FA:04,-61, WPA2 ,0.000000,0.000000,0.000,0.000,AP
2026-08-08 20:32:47,1900-01-00 00:00:00,Wifi House ,98:25:4A:CA:FA:04,-60, WPA2 ,0.000000,0.000000,0.000,0.000,AP
2026-08-08 20:32:47,1900-01-00 00:00:00,Wifi House ,98:25:4A:CA:FA:04,-60, WPA2 ,0.000000,0.000000,0.000,0.000,AP
2026-08-08 20:32:47,1900-01-00 00:00:00,Wifi House ,98:25:4A:CA:FA:04,-60, WPA2 ,0.000000,0.000000,0.000,0.000,AP
2026-08-08 20:32:47,1900-01-00 00:00:00,Wifi House ,98:25:4A:CA:FA:04,-59, WPA2 ,0.000000,0.000000,0.000,0.000,AP
2026-08-08 20:32:47,1900-01-00 00:00:00,Wifi House ,98:25:4A:CA:FA:04,-59, WPA2 ,0.000000,0.000000,0.000,0.000,AP
2026-08-08 20:32:47,1900-01-00 00:00:00,Wifi House ,98:25:4A:CA:FA:04,-59, WPA2 ,0.000000,0.000000,0.000,0.000,AP
2026-08-08 20:32:47,1900-01-00 00:00:00,Wifi House ,98:25:4A:CA:FA:04,-59, WPA2 ,0.000000,0.000000,0.000,0.000,AP
2026-08-08 20:32:47,1900-01-00 00:00:00,Wifi House ,98:25:4A:CA:FA:04,-59, WPA2 ,0.000000,0.000000,0.000,0.000,AP
2026-08-08 20:32:47,1900-01-00 00:00:00,Wifi House ,98:25:4A:CA:FA:04,-60, WPA2 ,0.000000,0.000000,0.000,0.000,AP
2026-08-08 20:32:47,1900-01-00 00:00:00,Wifi House ,98:25:4A:CA:FA:04,-60, WPA2 ,0.000000,0.000000,0.000,0.000,AP
2026-08-08 20:32:47,1900-01-00 00:00:00,Wifi House ,98:25:4A:CA:FA:04,-60, WPA2 ,0.000000,0.000000,0.000,0.000,AP
2026-08-08 20:32:47,1900-01-00 00:00:00,Wifi House ,98:25:4A:CA:FA:04,-61, WPA2 ,0.000000,0.000000,0.000,0.000,AP
2026-08-08 20:32:47,1900-01-00 00:00:00,Wifi House ,98:25:4A:CA:FA:04,-61, WPA2 ,0.000000,0.000000,0.000,0.000,AP
2026-08-08 20:32:47,1900-01-00 00:00:00,Wifi House ,98:25:4A:CA:FA:04,-61, WPA2 ,0.000000,0.000000,0.000,0.000,AP
2026-08-08 20:32:47,1900-01-00 00:00:00,Wifi House ,98:25:4A:CA:FA:04,-59, WPA2 ,0.000000,0.000000,0.000,0.000,AP
2026-08-08 20:32:47,1900-01-00 00:00:00,Wifi House ,98:25:4A:CA:FA:04,-59, WPA2 ,0.000000,0.000000,0.000,0.000,AP
2026-08-08 20:32:47,1900-01-00 00:00:00,Wifi House ,98:25:4A:CA:FA:04,-59, WPA2 ,0.000000,0.000000,0.000,0.000,AP
2026-08-08 20:32:47,1900-01-00 00:00:00,Wifi House ,98:25:4A:CA:FA:04,-59, WPA2 ,0.000000,0.000000,0.000,0.000,AP
2026-08-08 20:32:47,1900-01-00 00:00:00,Wifi House ,98:25:4A:CA:FA:04,-59, WPA2 ,0.000000,0.000000,0.000,0.000,AP
2026-08-08 20:32:47,1900-01-00 00:00:00,Wifi House ,98:25:4A:CA:FA:04,-59, WPA2 ,0.000000,0.000000,0.000,0.000,AP
2026-08-08 20:32:47,1900-01-00 00:00:00,Wifi House ,98:25:4A:CA:FA:04,-59, WPA2 ,0.000000,0.000000,0.000,0.000,AP
2026-08-08 20:32:47,1900-01-00 00:00:00,Wifi House ,98:25:4A:CA:FA:04,-59, WPA2 ,0.000000,0.000000,0.000,0.000,AP
2026-08-08 20:32:47,1900-01-00 00:00:00,Wifi House ,98:25:4A:CA:FA:04,-59, WPA2 ,0.000000,0.000000,0.000,0.000,AP
2026-08-08 20:32:47,1900-01-00 00:00:00,Wifi House ,98:25:4A:CA:FA:04,-59, WPA2 ,0.000000,0.000000,0.000,0.000,AP
2026-08-08 20:32:47,1900-01-00 00:00:00,Wifi House ,98:25:4A:CA:FA:04,-59, WPA2 ,0.000000,0.000000,0.000,0.000,AP
2026-08-08 20:32:47,1900-01-00 00:00:00,Wifi House ,98:25:4A:CA:FA:04,-59, WPA2 ,0.000000,0.000000,0.000,0.000,AP
2026-08-08 20:32:47,1900-01-00 00:00:00,Wifi House ,98:25:4A:CA:FA:04,-59, WPA2 ,0.000000,0.000000,0.000,0.000,AP
2026-08-08 20:32:47,1900-01-00 00:00:00,Wifi House ,98:25:4A:CA:FA:04,-60, WPA2 ,0.000000,0.000000,0.000,0.000,AP
2026-08-08 20:32:47,1900-01-00 00:00:00,Wifi House ,98:25:4A:CA:FA:04,-60, WPA2 ,0.000000,0.000000,0.000,0.000,AP
2026-08-08 20:32:47,1900-01-00 00:00:00,Wifi House ,98:25:4A:CA:FA:04,-60, WPA2 ,0.000000,0.000000,0.000,0.000,AP
2026-08-08 20:32:47,1900-01-00 00:00:00,Wifi House ,98:25:4A:CA:FA:04,-59, WPA2 ,0.000000,0.000000,0.000,0.000,AP
2026-08-08 20:32:47,1900-01-00 00:00:00,Wifi House ,98:25:4A:CA:FA:04,-59, WPA2 ,0.000000,0.000000,0.000,0.000,AP
2026-08-08 20:32:47,1900-01-00 00:00:00,Wifi House ,98:25:4A:CA:FA:04,-59, WPA2 ,0.000000,0.000000,0.000,0.000,AP
2026-08-08 20:32:47,1900-01-00 00:00:00,Wifi House ,98:25:4A:CA:FA:04,-59, WPA2 ,0.000000,0.000000,0.000,0.000,AP
2026-08-08 20:32:47,1900-01-00 00:00:00,Wifi House ,98:25:4A:CA:FA:04,-59, WPA2 ,0.000000,0.000000,0.000,0.000,AP
2026-08-08 20:32:47,1900-01-00 00:00:00,Wifi House ,98:25:4A:CA:FA:04,-59, WPA2 ,0.000000,0.000000,0.000,0.000,AP
2026-08-08 20:32:47,1900-01-00 00:00:00,Wifi House ,98:25:4A:CA:FA:04,-59, WPA2 ,0.000000,0.000000,0.000,0.000,AP
2026-08-08 20:32:47,1900-01-00 00:00:00,Wifi House ,98:25:4A:CA:FA:04,-59, WPA2 ,0.000000,0.000000,0.000,0.000,AP
2026-08-08 20:32:47,1900-01-00 00:00:00,Wifi House ,98:25:4A:CA:FA:04,-60, WPA2 ,0.000000,0.000000,0.000,0.000,AP
2026-08-08 20:32:47,1900-01-00 00:00:00,Wifi House ,98:25:4A:CA:FA:04,-60, WPA2 ,0.000000,0.000000,0.000,0.000,AP
2026-08-08 20:32:47,1900-01-00 00:00:00,Wifi House ,98:25:4A:CA:FA:04,-60, WPA2 ,0.000000,0.000000,0.000,0.000,AP
2026-08-08 20:32:47,1900-01-00 00:00:00,Wifi House ,98:25:4A:CA:FA:04,-60, WPA2 ,0.000000,0.000000,0.000,0.000,AP
2026-08-08 20:32:47,1900-01-00 00:00:00,Wifi House ,98:25:4A:CA:FA:04,-60, WPA2 ,0.000000,0.000000,0.000,0.000,AP
2026-08-08 20:32:47,1900-01-00 00:00:00,Wifi House ,98:25:4A:CA:FA:04,-60, WPA2 ,0.000000,0.000000,0.000,0.000,AP
2026-08-08 20:32:47,1900-01-00 00:00:00,Wifi House ,98:25:4A:CA:FA:04,-60, WPA2 ,0.000000,0.000000,0.000,0.000,AP
2026-08-08 20:32:47,1900-01-00 00:00:00,Wifi House ,98:25:4A:CA:FA:04,-60, WPA2 ,0.000000,0.000000,0.000,0.000,AP
2026-08-08 20:32:47,1900-01-00 00:00:00,Wifi House ,98:25:4A:CA:FA:04,-60, WPA2 ,0.000000,0.000000,0.000,0.000,AP
2026-08-08 20:32:47,1900-01-00 00:00:00,Wifi House ,98:25:4A:CA:FA:04,-60, WPA2 ,0.000000,0.000000,0.000,0.000,AP
2026-08-08 20:32:47,1900-01-00 00:00:00,Wifi House ,98:25:4A:CA:FA:04,-60, WPA2 ,0.000000,0.000000,0.000,0.000,AP
2026-08-08 20:32:47,1900-01-00 00:00:00,Wifi House ,98:25:4A:CA:FA:04,-60, WPA2 ,0.000000,0.000000,0.000,0.000,AP
2026-08-08 20:32:47,1900-01-00 00:00:00,Wifi House ,98:25:4A:CA:FA:04,-60, WPA2 ,0.000000,0.000000,0.000,0.000,AP
2026-08-08 20:32:47,1900-01-00 00:00:00,Wifi House ,98:25:4A:CA:FA:04,-60, WPA2 ,0.000000,0.000000,0.000,0.000,AP
2026-08-08 20:32:47,1900-01-00 00:00:00,Wifi House ,98:25:4A:CA:FA:04,-60, WPA2 ,0.000000,0.000000,0.000,0.000,AP
2026-08-08 20:32:47,1900-01-00 00:00:00,Wifi House ,98:25:4A:CA:FA:04,-60, WPA2 ,0.000000,0.000000,0.000,0.000,AP
2026-08-08 20:32:47,1900-01-00 00:00:00,Wifi House ,98:25:4A:CA:FA:04,-59, WPA2 ,0.000000,0.000000,0.000,0.000,AP
2026-08-08 20:32:47,1900-01-00 00:00:00,Wifi House ,98:25:4A:CA:FA:04,-77, WPA2 ,0.000000,0.000000,0.000,0.000,AP
2026-08-08 20:32:47,1900-01-00 00:00:00,Wifi House ,98:25:4A:CA:FA:04,-61, WPA2 ,0.000000,0.000000,0.000,0.000,AP
2026-08-08 20:32:47,1900-01-00 00:00:00,Wifi House ,98:25:4A:CA:FA:04,-61, WPA2 ,0.000000,0.000000,0.000,0.000,AP
2026-08-08 20:32:47,1900-01-00 00:00:00,Wifi House ,98:25:4A:CA:FA:04,-61, WPA2 ,0.000000,0.000000,0.000,0.000,AP
2026-08-08 20:32:47,1900-01-00 00:00:00,Wifi House ,98:25:4A:CA:FA:04,-61, WPA2 ,0.000000,0.000000,0.000,0.000,AP
2026-08-08 20:32:47,1900-01-00 00:00:00,Wifi House ,98:25:4A:CA:FA:04,-60, WPA2 ,0.000000,0.000000,0.000,0.000,AP
2026-08-08 20:32:47,1900-01-00 00:00:00,Wifi House ,98:25:4A:CA:FA:04,-60, WPA2 ,0.000000,0.000000,0.000,0.000,AP
2026-08-08 20:32:47,1900-01-00 00:00:00,Wifi House ,98:25:4A:CA:FA:04,-60, WPA2 ,0.000000,0.000000,0.000,0.000,AP
2026-08-08 20:32:47,1900-01-00 00:00:00,Wifi House ,98:25:4A:CA:FA:04,-59, WPA2 ,0.000000,0.000000,0.000,0.000,AP
2026-08-08 20:32:47,1900-01-00 00:00:00,Wifi House ,98:25:4A:CA:FA:04,-59, WPA2 ,0.000000,0.000000,0.000,0.000,AP
2026-08-08 20:32:47,1900-01-00 00:00:00,Wifi House ,98:25:4A:CA:FA:04,-59, WPA2 ,0.000000,0.000000,0.000,0.000,AP
2026-08-08 20:32:47,1900-01-00 00:00:00,Wifi House ,98:25:4A:CA:FA:04,-59, WPA2 ,0.000000,0.000000,0.000,0.000,AP
2026-08-08 20:32:47,1900-01-00 00:00:00,Wifi House ,98:25:4A:CA:FA:04,-59, WPA2 ,0.000000,0.000000,0.000,0.000,AP
2026-08-08 20:32:47,1900-01-00 00:00:00,Wifi House ,98:25:4A:CA:FA:04,-59, WPA2 ,0.000000,0.000000,0.000,0.000,AP
2026-08-08 20:32:47,1900-01-00 00:00:00,Wifi House ,98:25:4A:CA:FA:04,-59, WPA2 ,0.000000,0.000000,0.000,0.000,AP
2026-08-08 20:32:47,1900-01-00 00:00:00,Wifi House ,98:25:4A:CA:FA:04,-59, WPA2 ,0.000000,0.000000,0.000,0.000,AP
2026-08-08 20:32:47,1900-01-00 00:00:00,Wifi House ,98:25:4A:CA:FA:04,-59, WPA2 ,0.000000,0.000000,0.000,0.000,AP
2026-08-08 20:32:47,1900-01-00 00:00:00,Wifi House ,98:25:4A:CA:FA:04,-59, WPA2 ,0.000000,0.000000,0.000,0.000,AP
2026-08-08 20:32:47,1900-01-00 00:00:00,Wifi House ,98:25:4A:CA:FA:04,-59, WPA2 ,0.000000,0.000000,0.000,0.000,AP
2026-08-08 20:32:47,1900-01-00 00:00:00,Wifi House ,98:25:4A:CA:FA:04,-59, WPA2 ,0.000000,0.000000,0.000,0.000,AP
2026-08-08 20:32:47,1900-01-00 00:00:00,Wifi House ,98:25:4A:CA:FA:04,-59, WPA2 ,0.000000,0.000000,0.000,0.000,AP
2026-08-08 20:32:47,1900-01-00 00:00:00,Wifi House ,98:25:4A:CA:FA:04,-59, WPA2 ,0.000000,0.000000,0.000,0.000,AP
2026-08-08 20:32:47,1900-01-00 00:00:00,Wifi House ,98:25:4A:CA:FA:04,-59, WPA2 ,0.000000,0.000000,0.000,0.000,AP
2026-08-08 20:32:47,1900-01-00 00:00:00,Wifi House ,98:25:4A:CA:FA:04,-59, WPA2 ,0.000000,0.000000,0.000,0.000,AP
2026-08-08 20:32:47,1900-01-00 00:00:00,Wifi House ,98:25:4A:CA:FA:04,-59, WPA2 ,0.000000,0.000000,0.000,0.000,AP
2026-08-08 20:32:47,1900-01-00 00:00:00,Wifi House ,98:25:4A:CA:FA:04,-59, WPA2 ,0.000000,0.000000,0.000,0.000,AP
2026-08-08 20:32:47,1900-01-00 00:00:00,Wifi House ,98:25:4A:CA:FA:04,-59, WPA2 ,0.000000,0.000000,0.000,0.000,AP
2026-08-08 20:32:47,1900-01-00 00:00:00,Wifi House ,98:25:4A:CA:FA:04,-59, WPA2 ,0.000000,0.000000,0.000,0.000,AP
2026-08-08 20:32:47,1900-01-00 00:00:00,Wifi House ,98:25:4A:CA:FA:04,-77, WPA2 ,0.000000,0.000000,0.000,0.000,AP
2026-08-08 20:32:47,1900-01-00 00:00:00,Wifi House ,98:25:4A:CA:FA:04,-77, WPA2 ,0.000000,0.000000,0.000,0.000,AP
2026-08-08 20:32:47,1900-01-00 00:00:00,Wifi House ,98:25:4A:CA:FA:04,-77, WPA2 ,0.000000,0.000000,0.000,0.000,AP
2026-08-08 20:32:47,1900-01-00 00:00:00,Wifi House ,98:25:4A:CA:FA:04,-77, WPA2 ,0.000000,0.000000,0.000,0.000,AP
2026-08-08 20:32:47,1900-01-00 00:00:00,Wifi House ,98:25:4A:CA:FA:04,-77, WPA2 ,0.000000,0.000000,0.000,0.000,AP
2026-08-08 20:32:47,1900-01-00 00:00:00,Wifi House ,98:25:4A:CA:FA:04,-77, WPA2 ,0.000000,0.000000,0.000,0.000,AP
2026-08-08 20:32:47,1900-01-00 00:00:00,Wifi House ,98:25:4A:CA:FA:04,-77, WPA2 ,0.000000,0.000000,0.000,0.000,AP
2026-08-08 20:32:47,1900-01-00 00:00:00,Wifi House ,98:25:4A:CA:FA:04,-77, WPA2 ,0.000000,0.000000,0.000,0.000,AP
2026-08-08 20:32:47,1900-01-00 00:00:00,Wifi House ,98:25:4A:CA:FA:04,-77, WPA2 ,0.000000,0.000000,0.000,0.000,AP
2026-08-08 20:32:47,1900-01-00 00:00:00,Wifi House ,98:25:4A:CA:FA:04,-77, WPA2 ,0.000000,0.000000,0.000,0.000,AP
2026-08-08 20:32:47,1900-01-00 00:00:00,Wifi House ,98:25:4A:CA:FA:04,-77, WPA2 ,0.000000,0.000000,0.000,0.000,AP
2026-08-08 20:32:47,1900-01-00 00:00:00,Wifi House ,98:25:4A:CA:FA:04,-77, WPA2 ,0.000000,0.000000,0.000,0.000,AP
2026-08-08 20:32:47,1900-01-00 00:00:00,Wifi House ,98:25:4A:CA:FA:04,-77, WPA2 ,0.000000,0.000000,0.000,0.000,AP
2026-08-08 20:32:47,1900-01-00 00:00:00,Wifi House ,98:25:4A:CA:FA:04,-77, WPA2 ,0.000000,0.000000,0.000,0.000,AP
2026-08-08 20:32:47,1900-01-00 00:00:00,Wifi House ,98:25:4A:CA:FA:04,-77, WPA2 ,0.000000,0.000000,0.000,0.000,AP
2026-08-08 20:32:47,1900-01-00 00:00:00,Wifi House ,98:25:4A:CA:FA:04,-77, WPA2 ,0.000000,0.000000,0.000,0.000,AP
2026-08-08 20:32:47,1900-01-00 00:00:00,Wifi House ,98:25:4A:CA:FA:04,-82, WPA2 ,0.000000,0.000000,0.000,0.000,AP
2026-08-08 20:32:47,1900-01-00 00:00:00,Wifi House ,98:25:4A:CA:FA:04,-82, WPA2 ,0.000000,0.000000,0.000,0.000,AP
2026-08-08 20:32:47,1900-01-00 00:00:00,Wifi House ,98:25:4A:CA:FA:04,-82, WPA2 ,0.000000,0.000000,0.000,0.000,AP
2026-08-08 20:32:47,1900-01-00 00:00:00,Wifi House ,98:25:4A:CA:FA:04,-82, WPA2 ,0.000000,0.000000,0.000,0.000,AP
2026-08-08 20:32:47,1900-01-00 00:00:00,Wifi House ,98:25:4A:CA:FA:04,-82, WPA2 ,0.000000,0.000000,0.000,0.000,AP
2026-08-08 20:32:47,1900-01-00 00:00:00,Wifi House ,98:25:4A:CA:FA:04,-82, WPA2 ,0.000000,0.000000,0.000,0.000,AP
2026-08-08 20:32:47,1900-01-00 00:00:00,Wifi House ,98:25:4A:CA:FA:04,-62, WPA2 ,0.000000,0.000000,0.000,0.000,AP
2026-08-08 20:32:47,1900-01-00 00:00:00,Wifi House ,98:25:4A:CA:FA:04,-62, WPA2 ,0.000000,0.000000,0.000,0.000,AP
2026-08-08 20:32:47,1900-01-00 00:00:00,Wifi House ,98:25:4A:CA:FA:04,-62, WPA2 ,0.000000,0.000000,0.000,0.000,AP
2026-08-08 20:32:47,1900-01-00 00:00:00,Wifi House ,98:25:4A:CA:FA:04,-62, WPA2 ,0.000000,0.000000,0.000,0.000,AP
2026-08-08 20:32:47,1900-01-00 00:00:00,Wifi House ,98:25:4A:CA:FA:04,-62, WPA2 ,0.000000,0.000000,0.000,0.000,AP
2026-08-08 20:32:47,1900-01-00 00:00:00,Wifi House ,98:25:4A:CA:FA:04,-62, WPA2 ,0.000000,0.000000,0.000,0.000,AP
2026-08-08 20:32:47,1900-01-00 00:00:00,Wifi House ,98:25:4A:CA:FA:04,-62, WPA2 ,0.000000,0.000000,0.000,0.000,AP
2026-08-08 20:32:47,1900-01-00 00:00:00,Wifi House ,98:25:4A:CA:FA:04,-62, WPA2 ,0.000000,0.000000,0.000,0.000,AP
2026-08-08 20:32:47,1900-01-00 00:00:00,Wifi House ,98:25:4A:CA:FA:04,-62, WPA2 ,0.000000,0.000000,0.000,0.000,AP
2026-08-08 20:32:47,1900-01-00 00:00:00,Wifi House ,98:25:4A:CA:FA:04,-62, WPA2 ,0.000000,0.000000,0.000,0.000,AP
2026-08-08 20:32:47,1900-01-00 00:00:00,Wifi House ,98:25:4A:CA:FA:04,-62, WPA2 ,0.000000,0.000000,0.000,0.000,AP
2026-08-08 20:32:47,1900-01-00 00:00:00,Wifi House ,98:25:4A:CA:FA:04,-62, WPA2 ,0.000000,0.000000,0.000,0.000,AP
2026-08-08 20:32:47,1900-01-00 00:00:00,Wifi House ,98:25:4A:CA:FA:04,-62, WPA2 ,0.000000,0.000000,0.000,0.000,AP
2026-08-08 20:32:47,1900-01-00 00:00:00,Wifi House ,98:25:4A:CA:FA:04,-62, WPA2 ,0.000000,0.000000,0.000,0.000,AP
2026-08-08 20:32:47,1900-01-00 00:00:00,Wifi House ,98:25:4A:CA:FA:04,-62, WPA2 ,0.000000,0.000000,0.000,0.000,AP
2026-08-08 20:32:47,1900-01-00 00:00:00,Wifi House ,98:25:4A:CA:FA:04,-86, WPA2 ,0.000000,0.000000,0.000,0.000,AP
2026-08-08 20:32:47,1900-01-00 00:00:00,Wifi House ,98:25:4A:CA:FA:04,-86, WPA2 ,0.000000,0.000000,0.000,0.000,AP
2026-08-08 20:32:47,1900-01-00 00:00:00,Wifi House ,98:25:4A:CA:FA:04,-86, WPA2 ,0.000000,0.000000,0.000,0.000,AP
2026-08-08 20:32:47,1900-01-00 00:00:00,Wifi House ,98:25:4A:CA:FA:04,-86, WPA2 ,0.000000,0.000000,0.000,0.000,AP
2026-08-08 20:32:47,1900-01-00 00:00:00,Wifi House ,98:25:4A:CA:FA:04,-86, WPA2 ,0.000000,0.000000,0.000,0.000,AP
2026-08-08 20:32:47,1900-01-00 00:00:00,Wifi House ,98:25:4A:CA:FA:04,-86, WPA2 ,0.000000,0.000000,0.000,0.000,AP
2026-08-08 20:32:47,1900-01-00 00:00:00,Wifi House ,98:25:4A:CA:FA:04,-86, WPA2 ,0.000000,0.000000,0.000,0.000,AP
2026-08-08 20:32:47,1900-01-00 00:00:00,Wifi House ,98:25:4A:CA:FA:04,-86, WPA2 ,0.000000,0.000000,0.000,0.000,AP
2026-08-08 20:32:47,1900-01-00 00:00:00,Wifi House ,98:25:4A:CA:FA:04,-86, WPA2 ,0.000000,0.000000,0.000,0.000,AP
2026-08-08 20:32:47,1900-01-00 00:00:00,Wifi House ,98:25:4A:CA:FA:04,-86, WPA2 ,0.000000,0.000000,0.000,0.000,AP
2026-08-08 20:32:47,1900-01-00 00:00:00,Wifi House ,98:25:4A:CA:FA:04,-86, WPA2 ,0.000000,0.000000,0.000,0.000,AP
2026-08-08 20:32:47,1900-01-00 00:00:00,Wifi House ,98:25:4A:CA:FA:04,-86, WPA2 ,0.000000,0.000000,0.000,0.000,AP
2026-08-08 20:32:47,1900-01-00 00:00:00,Wifi House ,98:25:4A:CA:FA:04,-86, WPA2 ,0.000000,0.000000,0.000,0.000,AP
2026-08-08 20:32:47,1900-01-00 00:00:00,Wifi House ,98:25:4A:CA:FA:04,-86, WPA2 ,0.000000,0.000000,0.000,0.000,AP
2026-08-08 20:32:47,1900-01-00 00:00:00,Wifi House ,98:25:4A:CA:FA:04,-86, WPA2 ,0.000000,0.000000,0.000,0.000,AP
2026-08-08 20:32:47,1900-01-00 00:00:00,Wifi House ,98:25:4A:CA:FA:04,-86, WPA2 ,0.000000,0.000000,0.000,0.000,AP
2026-08-08 20:32:47,1900-01-00 00:00:00,Wifi House ,98:25:4A:CA:FA:04,-86, WPA2 ,0.000000,0.000000,0.000,0.000,AP
2026-08-08 20:32:47,1900-01-00 00:00:00,Wifi House ,98:25:4A:CA:FA:04,-86, WPA2 ,0.000000,0.000000,0.000,0.000,AP
2026-08-08 20:32:47,1900-01-00 00:00:00,Wifi House ,98:25:4A:CA:FA:04,-86, WPA2 ,0.000000,0.000000,0.000,0.000,AP
2026-08-08 20:32:47,1900-01-00 00:00:00,Wifi House ,98:25:4A:CA:FA:04,-86, WPA2 ,0.000000,0.000000,0.000,0.000,AP
2026-08-08 20:32:47,1900-01-00 00:00:00,Wifi House ,98:25:4A:CA:FA:04,-86, WPA2 ,0.000000,0.000000,0.000,0.000,AP
2026-08-08 20:32:47,1900-01-00 00:00:00,Wifi House ,98:25:4A:CA:FA:04,-86, WPA2 ,0.000000,0.000000,0.000,0.000,AP
2026-08-08 20:32:47,1900-01-00 00:00:00,Wifi House ,98:25:4A:CA:FA:04,-86, WPA2 ,0.000000,0.000000,0.000,0.000,AP
2026-08-08 20:32:47,1900-01-00 00:00:00,Wifi House ,98:25:4A:CA:FA:04,-86, WPA2 ,0.000000,0.000000,0.000,0.000,AP
2026-08-08 20:32:47,1900-01-00 00:00:00,Wifi House ,98:25:4A:CA:FA:04,-77, WPA2 ,0.000000,0.000000,0.000,0.000,AP
2026-08-08 20:32:47,1900-01-00 00:00:00,Wifi House ,98:25:4A:CA:FA:04,-77, WPA2 ,0.000000,0.000000,0.000,0.000,AP
2026-08-08 20:32:47,1900-01-00 00:00:00,Wifi House ,98:25:4A:CA:FA:04,-77, WPA2 ,0.000000,0.000000,0.000,0.000,AP
2026-08-08 20:32:47,1900-01-00 00:00:00,Wifi House ,98:25:4A:CA:FA:04,-81, WPA2 ,0.000000,0.000000,0.000,0.000,AP
2026-08-08 20:32:47,1900-01-00 00:00:00,Wifi House ,98:25:4A:CA:FA:04,-81, WPA2 ,0.000000,0.000000,0.000,0.000,AP
2026-08-08 20:32:47,1900-01-00 00:00:00,Wifi House ,98:25:4A:CA:FA:04,-81, WPA2 ,0.000000,0.000000,0.000,0.000,AP
2026-08-08 20:32:47,1900-01-00 00:00:00,Wifi House ,98:25:4A:CA:FA:04,-81, WPA2 ,0.000000,0.000000,0.000,0.000,AP
2026-08-08 20:32:47,1900-01-00 00:00:00,Wifi House ,98:25:4A:CA:FA:04,-81, WPA2 ,0.000000,0.000000,0.000,0.000,AP
2026-08-08 20:32:47,1900-01-00 00:00:00,Wifi House ,98:25:4A:CA:FA:04,-81, WPA2 ,0.000000,0.000000,0.000,0.000,AP
2026-08-08 20:32:47,1900-01-00 00:00:00,Wifi House ,98:25:4A:CA:FA:04,-81, WPA2 ,0.000000,0.000000,0.000,0.000,AP
2026-08-08 20:32:47,1900-01-00 00:00:00,Wifi House ,98:25:4A:CA:FA:04,-81, WPA2 ,0.000000,0.000000,0.000,0.000,AP
2026-08-08 20:32:47,1900-01-00 00:00:00,Wifi House ,98:25:4A:CA:FA:04,-81, WPA2 ,0.000000,0.000000,0.000,0.000,AP
2026-08-08 20:32:47,1900-01-00 00:00:00,Wifi House ,98:25:4A:CA:FA:04,-81, WPA2 ,0.000000,0.000000,0.000,0.000,AP
2026-08-08 20:32:47,1900-01-00 00:00:00,Wifi House ,98:25:4A:CA:FA:04,-81, WPA2 ,0.000000,0.000000,0.000,0.000,AP
2026-08-08 20:32:47,1900-01-00 00:00:00,Wifi House ,98:25:4A:CA:FA:04,-81, WPA2 ,0.000000,0.000000,0.000,0.000,AP
2026-08-08 20:32:47,1900-01-00 00:00:00,Wifi House ,98:25:4A:CA:FA:04,-81, WPA2 ,0.000000,0.000000,0.000,0.000,AP
2026-08-08 20:32:47,1900-01-00 00:00:00,Wifi House ,98:25:4A:CA:FA:04,-81, WPA2 ,0.000000,0.000000,0.000,0.000,AP
2026-08-08 20:32:47,1900-01-00 00:00:00,Wifi House ,98:25:4A:CA:FA:04,-81, WPA2 ,0.000000,0.000000,0.000,0.000,AP
2026-08-08 20:32:47,1900-01-00 00:00:00,Wifi House ,98:25:4A:CA:FA:04,-81, WPA2 ,0.000000,0.000000,0.000,0.000,AP
2026-08-08 20:32:47,1900-01-00 00:00:00,Wifi House ,98:25:4A:CA:FA:04,-81, WPA2 ,0.000000,0.000000,0.000,0.000,AP
2026-08-08 20:32:47,1900-01-00 00:00:00,Wifi House ,98:25:4A:CA:FA:04,-81, WPA2 ,0.000000,0.000000,0.000,0.000,AP
2026-08-08 20:32:47,1900-01-00 00:00:00,Wifi House ,98:25:4A:CA:FA:04,-81, WPA2 ,0.000000,0.000000,0.000,0.000,AP
2026-08-08 20:32:47,1900-01-00 00:00:00,Wifi House ,98:25:4A:CA:FA:04,-81, WPA2 ,0.000000,0.000000,0.000,0.000,AP
2026-08-08 20:32:47,1900-01-00 00:00:00,Wifi House ,98:25:4A:CA:FA:04,-80, WPA2 ,0.000000,0.000000,0.000,0.000,AP
2026-08-08 20:32:47,1900-01-00 00:00:00,Wifi House ,98:25:4A:CA:FA:04,-80, WPA2 ,0.000000,0.000000,0.000,0.000,AP
2026-08-08 20:32:47,1900-01-00 00:00:00,Wifi House ,98:25:4A:CA:FA:04,-80, WPA2 ,0.000000,0.000000,0.000,0.000,AP
2026-08-08 20:32:47,1900-01-00 00:00:00,Wifi House ,98:25:4A:CA:FA:04,-80, WPA2 ,0.000000,0.000000,0.000,0.000,AP
2026-08-08 20:32:47,1900-01-00 00:00:00,Wifi House ,98:25:4A:CA:FA:04,-80, WPA2 ,0.000000,0.000000,0.000,0.000,AP
2026-08-08 20:32:47,1900-01-00 00:00:00,Wifi House ,98:25:4A:CA:FA:04,-80, WPA2 ,0.000000,0.000000,0.000,0.000,AP
2026-08-08 20:32:47,1900-01-00 00:00:00,Wifi House ,98:25:4A:CA:FA:04,-80, WPA2 ,0.000000,0.000000,0.000,0.000,AP
2026-08-08 20:32:47,1900-01-00 00:00:00,Wifi House ,98:25:4A:CA:FA:04,-80, WPA2 ,0.000000,0.000000,0.000,0.000,AP
2026-08-08 20:32:47,1900-01-00 00:00:00,Wifi House ,98:25:4A:CA:FA:04,-80, WPA2 ,0.000000,0.000000,0.000,0.000,AP
2026-08-08 20:32:47,1900-01-00 00:00:00,Wifi House ,98:25:4A:CA:FA:04,-80, WPA2 ,0.000000,0.000000,0.000,0.000,AP
2026-08-08 20:32:47,1900-01-00 00:00:00,Wifi House ,98:25:4A:CA:FA:04,-80, WPA2 ,0.000000,0.000000,0.000,0.000,AP
2026-08-08 20:32:47,1900-01-00 00:00:00,Wifi House ,98:25:4A:CA:FA:04,-80, WPA2 ,0.000000,0.000000,0.000,0.000,AP
2026-08-08 20:32:47,1900-01-00 00:00:00,Wifi House ,98:25:4A:CA:FA:04,-80, WPA2 ,0.000000,0.000000,0.000,0.000,AP
2026-08-08 20:32:47,1900-01-00 00:00:00,Wifi House ,98:25:4A:CA:FA:04,-80, WPA2 ,0.000000,0.000000,0.000,0.000,AP
2026-08-08 20:32:47,1900-01-00 00:00:00,Wifi House ,98:25:4A:CA:FA:04,-80, WPA2 ,0.000000,0.000000,0.000,0.000,AP
2026-08-08 20:32:47,1900-01-00 00:00:00,Wifi House ,98:25:4A:CA:FA:04,-80, WPA2 ,0.000000,0.000000,0.000,0.000,AP
2026-08-08 20:32:47,1900-01-00 00:00:00,Wifi House ,98:25:4A:CA:FA:04,-80, WPA2 ,0.000000,0.000000,0.000,0.000,AP
2026-08-08 20:32:47,1900-01-00 00:00:00,Wifi House ,98:25:4A:CA:FA:04,-80, WPA2 ,0.000000,0.000000,0.000,0.000,AP
2026-08-08 20:32:47,1900-01-00 00:00:00,Wifi House ,98:25:4A:CA:FA:04,-80, WPA2 ,0.000000,0.000000,0.000,0.000,AP
2026-08-08 20:32:47,1900-01-00 00:00:00,Wifi House ,98:25:4A:CA:FA:04,-80, WPA2 ,0.000000,0.000000,0.000,0.000,AP
2026-08-08 20:32:47,1900-01-00 00:00:00,Wifi House ,98:25:4A:CA:FA:04,-80, WPA2 ,0.000000,0.000000,0.000,0.000,AP
2026-08-08 20:32:47,1900-01-00 00:00:00,Wifi House ,98:25:4A:CA:FA:04,-89, WPA2 ,0.000000,0.000000,0.000,0.000,AP
2026-08-08 20:32:47,1900-01-00 00:00:00,Wifi House ,98:25:4A:CA:FA:04,-89, WPA2 ,0.000000,0.000000,0.000,0.000,AP
2026-08-08 20:32:47,1900-01-00 00:00:00,Wifi House ,98:25:4A:CA:FA:04,-89, WPA2 ,0.000000,0.000000,0.000,0.000,AP
2026-08-08 20:32:47,1900-01-00 00:00:00,Wifi House ,98:25:4A:CA:FA:04,-89, WPA2 ,0.000000,0.000000,0.000,0.000,AP
2026-08-08 20:32:47,1900-01-00 00:00:00,Wifi House ,98:25:4A:CA:FA:04,-89, WPA2 ,0.000000,0.000000,0.000,0.000,AP
2026-08-08 20:32:47,1900-01-00 00:00:00,Wifi House ,98:25:4A:CA:FA:04,-79, WPA2 ,0.000000,0.000000,0.000,0.000,AP
2026-08-08 20:32:47,1900-01-00 00:00:00,Wifi House ,98:25:4A:CA:FA:04,-71, WPA2 ,0.000000,0.000000,0.000,0.000,AP
2026-08-08 20:32:47,1900-01-00 00:00:00,Wifi House ,98:25:4A:CA:FA:04,-71, WPA2 ,0.000000,0.000000,0.000,0.000,AP
2026-08-08 20:32:47,1900-01-00 00:00:00,Wifi House ,98:25:4A:CA:FA:04,-71, WPA2 ,0.000000,0.000000,0.000,0.000,AP
2026-08-08 20:32:47,1900-01-00 00:00:00,Wifi House ,98:25:4A:CA:FA:04,-71, WPA2 ,0.000000,0.000000,0.000,0.000,AP
2026-08-08 20:32:47,1900-01-00 00:00:00,Wifi House ,98:25:4A:CA:FA:04,-71, WPA2 ,0.000000,0.000000,0.000,0.000,AP
2026-08-08 20:32:47,1900-01-00 00:00:00,Wifi House ,98:25:4A:CA:FA:04,-71, WPA2 ,0.000000,0.000000,0.000,0.000,AP
2026-08-08 20:32:47,1900-01-00 00:00:00,Wifi House ,98:25:4A:CA:FA:04,-71, WPA2 ,0.000000,0.000000,0.000,0.000,AP
2026-08-08 20:32:47,1900-01-00 00:00:00,Wifi House ,98:25:4A:CA:FA:04,-71, WPA2 ,0.000000,0.000000,0.000,0.000,AP
2026-08-08 20:32:47,1900-01-00 00:00:00,Wifi House ,98:25:4A:CA:FA:04,-71, WPA2 ,0.000000,0.000000,0.000,0.000,AP
2026-08-08 20:32:47,1900-01-00 00:00:00,Wifi House ,98:25:4A:CA:FA:04,-71, WPA2 ,0.000000,0.000000,0.000,0.000,AP
2026-08-08 20:32:47,1900-01-00 00:00:00,Wifi House ,98:25:4A:CA:FA:04,-71, WPA2 ,0.000000,0.000000,0.000,0.000,AP
2026-08-08 20:32:47,1900-01-00 00:00:00,Wifi House ,98:25:4A:CA:FA:04,-90, WPA2 ,0.000000,0.000000,0.000,0.000,AP
2026-08-08 20:32:47,1900-01-00 00:00:00,Wifi House ,98:25:4A:CA:FA:04,-90, WPA2 ,0.000000,0.000000,0.000,0.000,AP
2026-08-08 20:32:47,1900-01-00 00:00:00,Wifi House ,98:25:4A:CA:FA:04,-90, WPA2 ,0.000000,0.000000,0.000,0.000,AP
2026-08-08 20:32:47,1900-01-00 00:00:00,Wifi House ,98:25:4A:CA:FA:04,-90, WPA2 ,0.000000,0.000000,0.000,0.000,AP
2026-08-08 20:32:47,1900-01-00 00:00:00,Wifi House ,98:25:4A:CA:FA:04,-90, WPA2 ,0.000000,0.000000,0.000,0.000,AP
2026-08-08 20:32:47,1900-01-00 00:00:00,Wifi House ,98:25:4A:CA:FA:04,-90, WPA2 ,0.000000,0.000000,0.000,0.000,AP
2026-08-08 20:32:47,1900-01-00 00:00:00,Wifi House ,98:25:4A:CA:FA:04,-90, WPA2 ,0.000000,0.000000,0.000,0.000,AP
2026-08-08 20:32:47,1900-01-00 00:00:00,Wifi House ,98:25:4A:CA:FA:04,-90, WPA2 ,0.000000,0.000000,0.000,0.000,AP
2026-08-08 20:32:47,1900-01-00 00:00:00,Wifi House ,98:25:4A:CA:FA:04,-90, WPA2 ,0.000000,0.000000,0.000,0.000,AP
2026-08-08 20:32:47,1900-01-00 00:00:00,Wifi House ,98:25:4A:CA:FA:04,-90, WPA2 ,0.000000,0.000000,0.000,0.000,AP
2026-08-08 20:32:47,1900-01-00 00:00:00,Wifi House ,98:25:4A:CA:FA:04,-90, WPA2 ,0.000000,0.000000,0.000,0.000,AP
2026-08-08 20:32:47,1900-01-00 00:00:00,Wifi House ,98:25:4A:CA:FA:04,-90, WPA2 ,0.000000,0.000000,0.000,0.000,AP
2026-08-08 20:32:47,1900-01-00 00:00:00,Wifi House ,98:25:4A:CA:FA:04,-90, WPA2 ,0.000000,0.000000,0.000,0.000,AP
2026-08-08 20:32:47,1900-01-00 00:00:00,Wifi House ,98:25:4A:CA:FA:04,-85, WPA2 ,0.000000,0.000000,0.000,0.000,AP
2026-08-08 20:32:47,1900-01-00 00:00:00,Wifi House ,98:25:4A:CA:FA:04,-85, WPA2 ,0.000000,0.000000,0.000,0.000,AP
2026-08-08 20:32:47,1900-01-00 00:00:00,Wifi House ,98:25:4A:CA:FA:04,-85, WPA2 ,0.000000,0.000000,0.000,0.000,AP
2026-08-08 20:32:47,1900-01-00 00:00:00,Wifi House ,98:25:4A:CA:FA:04,-85, WPA2 ,0.000000,0.000000,0.000,0.000,AP
2026-08-08 20:32:47,1900-01-00 00:00:00,Wifi House ,98:25:4A:CA:FA:04,-85, WPA2 ,0.000000,0.000000,0.000,0.000,AP
2026-08-08 20:32:47,1900-01-00 00:00:00,Wifi House ,98:25:4A:CA:FA:04,-85, WPA2 ,0.000000,0.000000,0.000,0.000,AP
2026-08-08 20:32:47,1900-01-00 00:00:00,Wifi House ,98:25:4A:CA:FA:04,-85, WPA2 ,0.000000,0.000000,0.000,0.000,AP
2026-08-08 20:32:47,1900-01-00 00:00:00,Wifi House ,98:25:4A:CA:FA:04,-85, WPA2 ,0.000000,0.000000,0.000,0.000,AP
2026-08-08 20:32:47,1900-01-00 00:00:00,Wifi House ,98:25:4A:CA:FA:04,-84, WPA2 ,0.000000,0.000000,0.000,0.000,AP
2026-08-08 20:32:47,1900-01-00 00:00:00,Wifi House ,98:25:4A:CA:FA:04,-84, WPA2 ,0.000000,0.000000,0.000,0.000,AP
2026-08-08 20:32:47,1900-01-00 00:00:00,Wifi House ,98:25:4A:CA:FA:04,-84, WPA2 ,0.000000,0.000000,0.000,0.000,AP
2026-08-08 20:32:47,1900-01-00 00:00:00,Wifi House ,98:25:4A:CA:FA:04,-84, WPA2 ,0.000000,0.000000,0.000,0.000,AP
2026-08-08 20:32:48,1900-01-00 00:00:00,Wifi House ,98:25:4A:CA:FA:04,-84, WPA2 ,0.000000,0.000000,0.000,0.000,AP
2026-08-08 20:32:48,1900-01-00 00:00:00,Wifi House ,98:25:4A:CA:FA:04,-84, WPA2 ,0.000000,0.000000,0.000,0.000,AP
2026-08-08 20:32:48,1900-01-00 00:00:00,Wifi House ,98:25:4A:CA:FA:04,-84, WPA2 ,0.000000,0.000000,0.000,0.000,AP
2026-08-08 20:32:48,1900-01-00 00:00:00,Wifi House ,98:25:4A:CA:FA:04,-69, WPA2 ,0.000000,0.000000,0.000,0.000,AP
2026-08-08 20:32:48,1900-01-00 00:00:00,Wifi House ,98:25:4A:CA:FA:04,-69, WPA2 ,0.000000,0.000000,0.000,0.000,AP
2026-08-08 20:32:48,1900-01-00 00:00:00,Wifi House ,98:25:4A:CA:FA:04,-69, WPA2 ,0.000000,0.000000,0.000,0.000,AP
2026-08-08 20:32:48,1900-01-00 00:00:00,Wifi House ,98:25:4A:CA:FA:04,-69, WPA2 ,0.000000,0.000000,0.000,0.000,AP
2026-08-08 20:32:48,1900-01-00 00:00:00,Wifi House ,98:25:4A:CA:FA:04,-69, WPA2 ,0.000000,0.000000,0.000,0.000,AP
2026-08-08 20:32:48,1900-01-00 00:00:00,Wifi House ,98:25:4A:CA:FA:04,-69, WPA2 ,0.000000,0.000000,0.000,0.000,AP
2026-08-08 20:32:48,1900-01-00 00:00:00,Wifi House ,98:25:4A:CA:FA:04,-69, WPA2 ,0.000000,0.000000,0.000,0.000,AP
2026-08-08 20:32:48,1900-01-00 00:00:00,Wifi House ,98:25:4A:CA:FA:04,-69, WPA2 ,0.000000,0.000000,0.000,0.000,AP
2026-08-08 20:32:48,1900-01-00 00:00:00,Wifi House ,98:25:4A:CA:FA:04,-69, WPA2 ,0.000000,0.000000,0.000,0.000,AP
2026-08-08 20:32:48,1900-01-00 00:00:00,Wifi House ,98:25:4A:CA:FA:04,-69, WPA2 ,0.000000,0.000000,0.000,0.000,AP
2026-08-08 20:32:48,1900-01-00 00:00:00,Wifi House ,98:25:4A:CA:FA:04,-69, WPA2 ,0.000000,0.000000,0.000,0.000,AP
2026-08-08 20:32:48,1900-01-00 00:00:00,Wifi House ,98:25:4A:CA:FA:04,-69, WPA2 ,0.000000,0.000000,0.000,0.000,AP
2026-08-08 20:32:48,1900-01-00 00:00:00,Wifi House ,98:25:4A:CA:FA:04,-69, WPA2 ,0.000000,0.000000,0.000,0.000,AP
2026-08-08 20:32:48,1900-01-00 00:00:00,Wifi House ,98:25:4A:CA:FA:04,-69, WPA2 ,0.000000,0.000000,0.000,0.000,AP
2026-08-08 20:32:49,1900-01-00 00:00:00,Wifi House ,98:25:4A:CA:FA:04,-69, WPA2 ,0.000000,0.000000,0.000,0.000,AP
2026-08-08 20:32:49,1900-01-00 00:00:00,Wifi House ,98:25:4A:CA:FA:04,-69, WPA2 ,0.000000,0.000000,0.000,0.000,AP
2026-08-08 20:32:49,1900-01-00 00:00:00,Wifi House ,98:25:4A:CA:FA:04,-69, WPA2 ,0.000000,0.000000,0.000,0.000,AP
2026-08-08 20:32:49,1900-01-00 00:00:00,Wifi House ,98:25:4A:CA:FA:04,-69, WPA2 ,0.000000,0.000000,0.000,0.000,AP
2026-08-08 20:32:49,1900-01-00 00:00:00,Wifi House ,98:25:4A:CA:FA:04,-69, WPA2 ,0.000000,0.000000,0.000,0.000,AP
2026-08-08 20:32:49,1900-01-00 00:00:00,Wifi House ,98:25:4A:CA:FA:04,-69, WPA2 ,0.000000,0.000000,0.000,0.000,AP
2026-08-08 20:32:49,1900-01-00 00:00:00,Wifi House ,98:25:4A:CA:FA:04,-69, WPA2 ,0.000000,0.000000,0.000,0.000,AP
2026-08-08 20:32:49,1900-01-00 00:00:00,Wifi House ,98:25:4A:CA:FA:04,-69, WPA2 ,0.000000,0.000000,0.000,0.000,AP
2026-08-08 20:32:49,1900-01-00 00:00:00,Wifi House ,98:25:4A:CA:FA:04,-69, WPA2 ,0.000000,0.000000,0.000,0.000,AP
2026-08-08 20:32:49,1900-01-00 00:00:00,Wifi House ,98:25:4A:CA:FA:04,-69, WPA2 ,0.000000,0.000000,0.000,0.000,AP
2026-08-08 20:32:49,1900-01-00 00:00:00,Wifi House ,98:25:4A:CA:FA:04,-69, WPA2 ,0.000000,0.000000,0.000,0.000,AP
2026-08-08 20:32:49,1900-01-00 00:00:00,Wifi House ,98:25:4A:CA:FA:04,-69, WPA2 ,0.000000,0.000000,0.000,0.000,AP
2026-08-08 20:32:49,1900-01-00 00:00:00,Wifi House ,98:25:4A:CA:FA:04,-69, WPA2 ,0.000000,0.000000,0.000,0.000,AP
2026-08-08 20:32:49,1900-01-00 00:00:00,Wifi House ,98:25:4A:CA:FA:04,-69, WPA2 ,0.000000,0.000000,0.000,0.000,AP
2026-08-08 20:32:49,1900-01-00 00:00:00,Wifi House ,98:25:4A:CA:FA:04,-69, WPA2 ,0.000000,0.000000,0.000,0.000,AP
2026-08-08 20:32:49,1900-01-00 00:00:00,Wifi House ,98:25:4A:CA:FA:04,-69, WPA2 ,0.000000,0.000000,0.000,0.000,AP
2026-08-08 20:32:49,1900-01-00 00:00:00,Wifi House ,98:25:4A:CA:FA:04,-69, WPA2 ,0.000000,0.000000,0.000,0.000,AP
2026-08-08 20:32:49,1900-01-00 00:00:00,Wifi House ,98:25:4A:CA:FA:04,-69, WPA2 ,0.000000,0.000000,0.000,0.000,AP
2026-08-08 20:32:49,1900-01-00 00:00:00,Wifi House ,98:25:4A:CA:FA:04,-69, WPA2 ,0.000000,0.000000,0.000,0.000,AP
2026-08-08 20:32:49,1900-01-00 00:00:00,Wifi House ,98:25:4A:CA:FA:04,-69, WPA2 ,0.000000,0.000000,0.000,0.000,AP
2026-08-08 20:32:49,1900-01-00 00:00:00,Wifi House ,98:25:4A:CA:FA:04,-69, WPA2 ,0.000000,0.000000,0.000,0.000,AP
2026-08-08 20:32:49,1900-01-00 00:00:00,Wifi House ,98:25:4A:CA:FA:04,-69, WPA2 ,0.000000,0.000000,0.000,0.000,AP
2026-08-08 20:32:49,1900-01-00 00:00:00,Wifi House ,98:25:4A:CA:FA:04,-69, WPA2 ,0.000000,0.000000,0.000,0.000,AP
2026-08-08 20:32:49,1900-01-00 00:00:00,Wifi House ,98:25:4A:CA:FA:04,-69, WPA2 ,0.000000,0.000000,0.000,0.000,AP
2026-08-08 20:32:49,1900-01-00 00:00:00,Wifi House ,98:25:4A:CA:FA:04,-69, WPA2 ,0.000000,0.000000,0.000,0.000,AP
2026-08-08 20:32:49,1900-01-00 00:00:00,Wifi House ,98:25:4A:CA:FA:04,-69, WPA2 ,0.000000,0.000000,0.000,0.000,AP
2026-08-08 20:32:49,1900-01-00 00:00:00,Wifi House ,98:25:4A:CA:FA:04,-69, WPA2 ,0.000000,0.000000,0.000,0.000,AP
2026-08-08 20:32:49,1900-01-00 00:00:00,Wifi House ,98:25:4A:CA:FA:04,-69, WPA2 ,0.000000,0.000000,0.000,0.000,AP
2026-08-08 20:32:49,1900-01-00 00:00:00,Wifi House ,98:25:4A:CA:FA:04,-69, WPA2 ,0.000000,0.000000,0.000,0.000,AP
2026-08-08 20:32:49,1900-01-00 00:00:00,Wifi House ,98:25:4A:CA:FA:04,-69, WPA2 ,0.000000,0.000000,0.000,0.000,AP
2026-08-08 20:32:49,1900-01-00 00:00:00,Wifi House ,98:25:4A:CA:FA:04,-69, WPA2 ,0.000000,0.000000,0.000,0.000,AP
2026-08-08 20:32:49,1900-01-00 00:00:00,Wifi House ,98:25:4A:CA:FA:04,-69, WPA2 ,0.000000,0.000000,0.000,0.000,AP
2026-08-08 20:32:49,1900-01-00 00:00:00,Wifi House ,98:25:4A:CA:FA:04,-69, WPA2 ,0.000000,0.000000,0.000,0.000,AP
2026-08-08 20:32:49,1900-01-00 00:00:00,Wifi House ,98:25:4A:CA:FA:04,-69, WPA2 ,0.000000,0.000000,0.000,0.000,AP
2026-08-08 20:32:49,1900-01-00 00:00:00,Wifi House ,98:25:4A:CA:FA:04,-69, WPA2 ,0.000000,0.000000,0.000,0.000,AP
2026-08-08 20:32:49,1900-01-00 00:00:00,Wifi House ,98:25:4A:CA:FA:04,-69, WPA2 ,0.000000,0.000000,0.000,0.000,AP
2026-08-08 20:32:49,1900-01-00 00:00:00,Wifi House ,98:25:4A:CA:FA:04,-69, WPA2 ,0.000000,0.000000,0.000,0.000,AP
2026-08-08 20:32:49,1900-01-00 00:00:00,Wifi House ,98:25:4A:CA:FA:04,-69, WPA2 ,0.000000,0.000000,0.000,0.000,AP
2026-08-08 20:32:49,1900-01-00 00:00:00,Wifi House ,98:25:4A:CA:FA:04,-69, WPA2 ,0.000000,0.000000,0.000,0.000,AP
2026-08-08 20:32:49,1900-01-00 00:00:00,Wifi House ,98:25:4A:CA:FA:04,-69, WPA2 ,0.000000,0.000000,0.000,0.000,AP
2026-08-08 20:32:49,1900-01-00 00:00:00,Wifi House ,98:25:4A:CA:FA:04,-69, WPA2 ,0.000000,0.000000,0.000,0.000,AP
2026-08-08 20:32:49,1900-01-00 00:00:00,Wifi House ,98:25:4A:CA:FA:04,-69, WPA2 ,0.000000,0.000000,0.000,0.000,AP
2026-08-08 20:32:49,1900-01-00 00:00:00,Wifi House ,98:25:4A:CA:FA:04,-69, WPA2 ,0.000000,0.000000,0.000,0.000,AP
2026-08-08 20:32:49,1900-01-00 00:00:00,Wifi House ,98:25:4A:CA:FA:04,-69, WPA2 ,0.000000,0.000000,0.000,0.000,AP
2026-08-08 20:32:49,1900-01-00 00:00:00,Wifi House ,98:25:4A:CA:FA:04,-69, WPA2 ,0.000000,0.000000,0.000,0.000,AP
2026-08-08 20:32:49,1900-01-00 00:00:00,Wifi House ,98:25:4A:CA:FA:04,-69, WPA2 ,0.000000,0.000000,0.000,0.000,AP
2026-08-08 20:32:49,1900-01-00 00:00:00,Wifi House ,98:25:4A:CA:FA:04,-69, WPA2 ,0.000000,0.000000,0.000,0.000,AP
2026-08-08 20:32:49,1900-01-00 00:00:00,Wifi House ,98:25:4A:CA:FA:04,-69, WPA2 ,0.000000,0.000000,0.000,0.000,AP
2026-08-08 20:32:49,1900-01-00 00:00:00,Wifi House ,98:25:4A:CA:FA:04,-69, WPA2 ,0.000000,0.000000,0.000,0.000,AP
2026-08-08 20:32:49,1900-01-00 00:00:00,Wifi House ,98:25:4A:CA:FA:04,-69, WPA2 ,0.000000,0.000000,0.000,0.000,AP
2026-08-08 20:32:49,1900-01-00 00:00:00,Wifi House ,98:25:4A:CA:FA:04,-69, WPA2 ,0.000000,0.000000,0.000,0.000,AP
2026-08-08 20:32:49,1900-01-00 00:00:00,Wifi House ,98:25:4A:CA:FA:04,-69, WPA2 ,0.000000,0.000000,0.000,0.000,AP
2026-08-08 20:32:49,1900-01-00 00:00:00,Wifi House ,98:25:4A:CA:FA:04,-69, WPA2 ,0.000000,0.000000,0.000,0.000,AP
2026-08-08 20:32:49,1900-01-00 00:00:00,Wifi House ,98:25:4A:CA:FA:04,-69, WPA2 ,0.000000,0.000000,0.000,0.000,AP
2026-08-08 20:32:49,1900-01-00 00:00:00,Wifi House ,98:25:4A:CA:FA:04,-69, WPA2 ,0.000000,0.000000,0.000,0.000,AP
2026-08-08 20:32:49,1900-01-00 00:00:00,Wifi House ,98:25:4A:CA:FA:04,-69, WPA2 ,0.000000,0.000000,0.000,0.000,AP
2026-08-08 20:32:49,1900-01-00 00:00:00,Wifi House ,98:25:4A:CA:FA:04,-69, WPA2 ,0.000000,0.000000,0.000,0.000,AP
2026-08-08 20:32:49,1900-01-00 00:00:00,Wifi House ,98:25:4A:CA:FA:04,-69, WPA2 ,0.000000,0.000000,0.000,0.000,AP
2026-08-08 20:32:49,1900-01-00 00:00:00,Wifi House ,98:25:4A:CA:FA:04,-69, WPA2 ,0.000000,0.000000,0.000,0.000,AP
2026-08-08 20:32:49,1900-01-00 00:00:00,Wifi House ,98:25:4A:CA:FA:04,-69, WPA2 ,0.000000,0.000000,0.000,0.000,AP
2026-08-08 20:32:49,1900-01-00 00:00:00,Wifi House ,98:25:4A:CA:FA:04,-69, WPA2 ,0.000000,0.000000,0.000,0.000,AP
2026-08-08 20:32:49,1900-01-00 00:00:00,Wifi House ,98:25:4A:CA:FA:04,-69, WPA2 ,0.000000,0.000000,0.000,0.000,AP
2026-08-08 20:32:49,1900-01-00 00:00:00,Wifi House ,98:25:4A:CA:FA:04,-69, WPA2 ,0.000000,0.000000,0.000,0.000,AP
2026-08-08 20:32:49,1900-01-00 00:00:00,Wifi House ,98:25:4A:CA:FA:04,-69, WPA2 ,0.000000,0.000000,0.000,0.000,AP
2026-08-08 20:32:49,1900-01-00 00:00:00,Wifi House ,98:25:4A:CA:FA:04,-69, WPA2 ,0.000000,0.000000,0.000,0.000,AP
2026-08-08 20:32:49,1900-01-00 00:00:00,Wifi House ,98:25:4A:CA:FA:04,-69, WPA2 ,0.000000,0.000000,0.000,0.000,AP
2026-08-08 20:32:49,1900-01-00 00:00:00,Wifi House ,98:25:4A:CA:FA:04,-69, WPA2 ,0.000000,0.000000,0.000,0.000,AP
2026-08-08 20:32:49,1900-01-00 00:00:00,Wifi House ,98:25:4A:CA:FA:04,-69, WPA2 ,0.000000,0.000000,0.000,0.000,AP
2026-08-08 20:32:49,1900-01-00 00:00:00,Wifi House ,98:25:4A:CA:FA:04,-69, WPA2 ,0.000000,0.000000,0.000,0.000,AP
2026-08-08 20:32:49,1900-01-00 00:00:00,Wifi House ,98:25:4A:CA:FA:04,-69, WPA2 ,0.000000,0.000000,0.000,0.000,AP
2026-08-08 20:32:49,1900-01-00 00:00:00,Wifi House ,98:25:4A:CA:FA:04,-69, WPA2 ,0.000000,0.000000,0.000,0.000,AP
2026-08-08 20:32:49,1900-01-00 00:00:00,Wifi House ,98:25:4A:CA:FA:04,-69, WPA2 ,0.000000,0.000000,0.000,0.000,AP
2026-08-08 20:32:49,1900-01-00 00:00:00,Wifi House ,98:25:4A:CA:FA:04,-69, WPA2 ,0.000000,0.000000,0.000,0.000,AP
2026-08-08 20:32:49,1900-01-00 00:00:00,Wifi House ,98:25:4A:CA:FA:04,-69, WPA2 ,0.000000,0.000000,0.000,0.000,AP
2026-08-08 20:32:49,1900-01-00 00:00:00,Wifi House ,98:25:4A:CA:FA:04,-69, WPA2 ,0.000000,0.000000,0.000,0.000,AP
2026-08-08 20:32:49,1900-01-00 00:00:00,Wifi House ,98:25:4A:CA:FA:04,-69, WPA2 ,0.000000,0.000000,0.000,0.000,AP
2026-08-08 20:32:49,1900-01-00 00:00:00,Wifi House ,98:25:4A:CA:FA:04,-69, WPA2 ,0.000000,0.000000,0.000,0.000,AP
2026-08-08 20:32:49,1900-01-00 00:00:00,Wifi House ,98:25:4A:CA:FA:04,-69, WPA2 ,0.000000,0.000000,0.000,0.000,AP
2026-08-08 20:32:49,1900-01-00 00:00:00,Wifi House ,98:25:4A:CA:FA:04,-69, WPA2 ,0.000000,0.000000,0.000,0.000,AP
2026-08-08 20:32:49,1900-01-00 00:00:00,Wifi House ,98:25:4A:CA:FA:04,-69, WPA2 ,0.000000,0.000000,0.000,0.000,AP
2026-08-08 20:32:49,1900-01-00 00:00:00,Wifi House ,98:25:4A:CA:FA:04,-69, WPA2 ,0.000000,0.000000,0.000,0.000,AP
2026-08-08 20:32:49,1900-01-00 00:00:00,Wifi House ,98:25:4A:CA:FA:04,-69, WPA2 ,0.000000,0.000000,0.000,0.000,AP
2026-08-08 20:32:49,1900-01-00 00:00:00,Wifi House ,98:25:4A:CA:FA:04,-69, WPA2 ,0.000000,0.000000,0.000,0.000,AP
2026-08-08 20:32:49,1900-01-00 00:00:00,Wifi House ,98:25:4A:CA:FA:04,-69, WPA2 ,0.000000,0.000000,0.000,0.000,AP
2026-08-08 20:32:49,1900-01-00 00:00:00,Wifi House ,98:25:4A:CA:FA:04,-69, WPA2 ,0.000000,0.000000,0.000,0.000,AP
2026-08-08 20:32:49,1900-01-00 00:00:00,Wifi House ,98:25:4A:CA:FA:04,-69, WPA2 ,0.000000,0.000000,0.000,0.000,AP
2026-08-08 20:32:49,1900-01-00 00:00:00,Wifi House ,98:25:4A:CA:FA:04,-69, WPA2 ,0.000000,0.000000,0.000,0.000,AP
2026-08-08 20:32:49,1900-01-00 00:00:00,Wifi House ,98:25:4A:CA:FA:04,-69, WPA2 ,0.000000,0.000000,0.000,0.000,AP
2026-08-08 20:32:49,1900-01-00 00:00:00,Wifi House ,98:25:4A:CA:FA:04,-69, WPA2 ,0.000000,0.000000,0.000,0.000,AP
2026-08-08 20:32:49,1900-01-00 00:00:00,Wifi House ,98:25:4A:CA:FA:04,-69, WPA2 ,0.000000,0.000000,0.000,0.000,AP
2026-08-08 20:32:49,1900-01-00 00:00:00,Wifi House ,98:25:4A:CA:FA:04,-69, WPA2 ,0.000000,0.000000,0.000,0.000,AP
2026-08-08 20:32:49,1900-01-00 00:00:00,Wifi House ,98:25:4A:CA:FA:04,-69, WPA2 ,0.000000,0.000000,0.000,0.000,AP
2026-08-08 20:32:49,1900-01-00 00:00:00,Wifi House ,98:25:4A:CA:FA:04,-69, WPA2 ,0.000000,0.000000,0.000,0.000,AP
2026-08-08 20:32:49,1900-01-00 00:00:00,Wifi House ,98:25:4A:CA:FA:04,-69, WPA2 ,0.000000,0.000000,0.000,0.000,AP
2026-08-08 20:32:49,1900-01-00 00:00:00,Wifi House ,98:25:4A:CA:FA:04,-69, WPA2 ,0.000000,0.000000,0.000,0.000,AP
2026-08-08 20:32:49,1900-01-00 00:00:00,Wifi House ,98:25:4A:CA:FA:04,-69, WPA2 ,0.000000,0.000000,0.000,0.000,AP
2026-08-08 20:32:49,1900-01-00 00:00:00,Wifi House ,98:25:4A:CA:FA:04,-69, WPA2 ,0.000000,0.000000,0.000,0.000,AP
2026-08-08 20:32:49,1900-01-00 00:00:00,Wifi House ,98:25:4A:CA:FA:04,-69, WPA2 ,0.000000,0.000000,0.000,0.000,AP
2026-08-08 20:32:49,1900-01-00 00:00:00,Wifi House ,98:25:4A:CA:FA:04,-69, WPA2 ,0.000000,0.000000,0.000,0.000,AP
2026-08-08 20:32:49,1900-01-00 00:00:00,Wifi House ,98:25:4A:CA:FA:04,-69, WPA2 ,0.000000,0.000000,0.000,0.000,AP
2026-08-08 20:32:49,1900-01-00 00:00:00,Wifi House ,98:25:4A:CA:FA:04,-69, WPA2 ,0.000000,0.000000,0.000,0.000,AP
2026-08-08 20:32:49,1900-01-00 00:00:00,Wifi House ,98:25:4A:CA:FA:04,-69, WPA2 ,0.000000,0.000000,0.000,0.000,AP
2026-08-08 20:32:49,1900-01-00 00:00:00,Wifi House ,98:25:4A:CA:FA:04,-69, WPA2 ,0.000000,0.000000,0.000,0.000,AP
2026-08-08 20:32:49,1900-01-00 00:00:00,Wifi House ,98:25:4A:CA:FA:04,-69, WPA2 ,0.000000,0.000000,0.000,0.000,AP
2026-08-08 20:32:49,1900-01-00 00:00:00,Wifi House ,98:25:4A:CA:FA:04,-69, WPA2 ,0.000000,0.000000,0.000,0.000,AP
2026-08-08 20:32:49,1900-01-00 00:00:00,Wifi House ,98:25:4A:CA:FA:04,-69, WPA2 ,0.000000,0.000000,0.000,0.000,AP
2026-08-08 20:32:49,1900-01-00 00:00:00,Wifi House ,98:25:4A:CA:FA:04,-69, WPA2 ,0.000000,0.000000,0.000,0.000,AP
2026-08-08 20:32:49,1900-01-00 00:00:00,Wifi House ,98:25:4A:CA:FA:04,-69, WPA2 ,0.000000,0.000000,0.000,0.000,AP
2026-08-08 20:32:49,1900-01-00 00:00:00,Wifi House ,98:25:4A:CA:FA:04,-69, WPA2 ,0.000000,0.000000,0.000,0.000,AP
2026-08-08 20:32:49,1900-01-00 00:00:00,Wifi House ,98:25:4A:CA:FA:04,-69, WPA2 ,0.000000,0.000000,0.000,0.000,AP
2026-08-08 20:32:49,1900-01-00 00:00:00,Wifi House ,98:25:4A:CA:FA:04,-69, WPA2 ,0.000000,0.000000,0.000,0.000,AP
2026-08-08 20:32:49,1900-01-00 00:00:00,Wifi House ,98:25:4A:CA:FA:04,-69, WPA2 ,0.000000,0.000000,0.000,0.000,AP
2026-08-08 20:32:49,1900-01-00 00:00:00,Wifi House ,98:25:4A:CA:FA:04,-69, WPA2 ,0.000000,0.000000,0.000,0.000,AP
2026-08-08 20:32:49,1900-01-00 00:00:00,Wifi House ,98:25:4A:CA:FA:04,-69, WPA2 ,0.000000,0.000000,0.000,0.000,AP
2026-08-08 20:32:49,1900-01-00 00:00:00,Wifi House ,98:25:4A:CA:FA:04,-69, WPA2 ,0.000000,0.000000,0.000,0.000,AP
2026-08-08 20:32:49,1900-01-00 00:00:00,Wifi House ,98:25:4A:CA:FA:04,-69, WPA2 ,0.000000,0.000000,0.000,0.000,AP
2026-08-08 20:32:49,1900-01-00 00:00:00,Wifi House ,98:25:4A:CA:FA:04,-69, WPA2 ,0.000000,0.000000,0.000,0.000,AP
2026-08-08 20:32:49,1900-01-00 00:00:00,Wifi House ,98:25:4A:CA:FA:04,-69, WPA2 ,0.000000,0.000000,0.000,0.000,AP
2026-08-08 20:32:49,1900-01-00 00:00:00,Wifi House ,98:25:4A:CA:FA:04,-69, WPA2 ,0.000000,0.000000,0.000,0.000,AP
2026-08-08 20:32:49,1900-01-00 00:00:00,Wifi House ,98:25:4A:CA:FA:04,-69, WPA2 ,0.000000,0.000000,0.000,0.000,AP
2026-08-08 20:32:49,1900-01-00 00:00:00,Wifi House ,98:25:4A:CA:FA:04,-69, WPA2 ,0.000000,0.000000,0.000,0.000,AP
2026-08-08 20:32:49,1900-01-00 00:00:00,Wifi House ,98:25:4A:CA:FA:04,-69, WPA2 ,0.000000,0.000000,0.000,0.000,AP
2026-08-08 20:32:49,1900-01-00 00:00:00,Wifi House ,98:25:4A:CA:FA:04,-69, WPA2 ,0.000000,0.000000,0.000,0.000,AP
2026-08-08 20:32:49,1900-01-00 00:00:00,Wifi House ,98:25:4A:CA:FA:04,-69, WPA2 ,0.000000,0.000000,0.000,0.000,AP
2026-08-08 20:32:49,1900-01-00 00:00:00,Wifi House ,98:25:4A:CA:FA:04,-69, WPA2 ,0.000000,0.000000,0.000,0.000,AP
2026-08-08 20:32:49,1900-01-00 00:00:00,Wifi House ,98:25:4A:CA:FA:04,-69, WPA2 ,0.000000,0.000000,0.000,0.000,AP
2026-08-08 20:32:49,1900-01-00 00:00:00,Wifi House ,98:25:4A:CA:FA:04,-69, WPA2 ,0.000000,0.000000,0.000,0.000,AP
2026-08-08 20:32:49,1900-01-00 00:00:00,Wifi House ,98:25:4A:CA:FA:04,-69, WPA2 ,0.000000,0.000000,0.000,0.000,AP
2026-08-08 20:32:49,1900-01-00 00:00:00,Wifi House ,98:25:4A:CA:FA:04,-69, WPA2 ,0.000000,0.000000,0.000,0.000,AP
2026-08-08 20:32:49,1900-01-00 00:00:00,Wifi House ,98:25:4A:CA:FA:04,-69, WPA2 ,0.000000,0.000000,0.000,0.000,AP
2026-08-08 20:32:49,1900-01-00 00:00:00,Wifi House ,98:25:4A:CA:FA:04,-69, WPA2 ,0.000000,0.000000,0.000,0.000,AP
2026-08-08 20:32:49,1900-01-00 00:00:00,Wifi House ,98:25:4A:CA:FA:04,-69, WPA2 ,0.000000,0.000000,0.000,0.000,AP
2026-08-08 20:32:49,1900-01-00 00:00:00,Wifi House ,98:25:4A:CA:FA:04,-69, WPA2 ,0.000000,0.000000,0.000,0.000,AP
2026-08-08 20:32:49,1900-01-00 00:00:00,Wifi House ,98:25:4A:CA:FA:04,-69, WPA2 ,0.000000,0.000000,0.000,0.000,AP
2026-08-08 20:32:49,1900-01-00 00:00:00,Wifi House ,98:25:4A:CA:FA:04,-69, WPA2 ,0.000000,0.000000,0.000,0.000,AP
2026-08-08 20:32:49,1900-01-00 00:00:00,Wifi House ,98:25:4A:CA:FA:04,-69, WPA2 ,0.000000,0.000000,0.000,0.000,AP
2026-08-08 20:32:49,1900-01-00 00:00:00,Wifi House ,98:25:4A:CA:FA:04,-69, WPA2 ,0.000000,0.000000,0.000,0.000,AP
2026-08-08 20:32:49,1900-01-00 00:00:00,Wifi House ,98:25:4A:CA:FA:04,-69, WPA2 ,0.000000,0.000000,0.000,0.000,AP
2026-08-08 20:32:49,1900-01-00 00:00:00,Wifi House ,98:25:4A:CA:FA:04,-69, WPA2 ,0.000000,0.000000,0.000,0.000,AP
2026-08-08 20:32:49,1900-01-00 00:00:00,Wifi House ,98:25:4A:CA:FA:04,-69, WPA2 ,0.000000,0.000000,0.000,0.000,AP
2026-08-08 20:32:49,1900-01-00 00:00:00,Wifi House ,98:25:4A:CA:FA:04,-69, WPA2 ,0.000000,0.000000,0.000,0.000,AP
2026-08-08 20:32:49,1900-01-00 00:00:00,Wifi House ,98:25:4A:CA:FA:04,-69, WPA2 ,0.000000,0.000000,0.000,0.000,AP
2026-08-08 20:32:49,1900-01-00 00:00:00,Wifi House ,98:25:4A:CA:FA:04,-69, WPA2 ,0.000000,0.000000,0.000,0.000,AP
2026-08-08 20:32:49,1900-01-00 00:00:00,Wifi House ,98:25:4A:CA:FA:04,-69, WPA2 ,0.000000,0.000000,0.000,0.000,AP
2026-08-08 20:32:49,1900-01-00 00:00:00,Wifi House ,98:25:4A:CA:FA:04,-69, WPA2 ,0.000000,0.000000,0.000,0.000,AP
2026-08-08 20:32:49,1900-01-00 00:00:00,Wifi House ,98:25:4A:CA:FA:04,-69, WPA2 ,0.000000,0.000000,0.000,0.000,AP
2026-08-08 20:32:49,1900-01-00 00:00:00,Wifi House ,98:25:4A:CA:FA:04,-69, WPA2 ,0.000000,0.000000,0.000,0.000,AP
2026-08-08 20:32:49,1900-01-00 00:00:00,Wifi House ,98:25:4A:CA:FA:04,-69, WPA2 ,0.000000,0.000000,0.000,0.000,AP
2026-08-08 20:32:49,1900-01-00 00:00:00,Wifi House ,98:25:4A:CA:FA:04,-69, WPA2 ,0.000000,0.000000,0.000,0.000,AP
2026-08-08 20:32:49,1900-01-00 00:00:00,Wifi House ,98:25:4A:CA:FA:04,-69, WPA2 ,0.000000,0.000000,0.000,0.000,AP
2026-08-08 20:32:49,1900-01-00 00:00:00,Wifi House ,98:25:4A:CA:FA:04,-69, WPA2 ,0.000000,0.000000,0.000,0.000,AP
2026-08-08 20:32:49,1900-01-00 00:00:00,Wifi House ,98:25:4A:CA:FA:04,-69, WPA2 ,0.000000,0.000000,0.000,0.000,AP
2026-08-08 20:32:49,1900-01-00 00:00:00,Wifi House ,98:25:4A:CA:FA:04,-69, WPA2 ,0.000000,0.000000,0.000,0.000,AP
2026-08-08 20:32:49,1900-01-00 00:00:00,Wifi House ,98:25:4A:CA:FA:04,-69, WPA2 ,0.000000,0.000000,0.000,0.000,AP
2026-08-08 20:32:49,1900-01-00 00:00:00,Wifi House ,98:25:4A:CA:FA:04,-69, WPA2 ,0.000000,0.000000,0.000,0.000,AP
2026-08-08 20:32:49,1900-01-00 00:00:00,Wifi House ,98:25:4A:CA:FA:04,-69, WPA2 ,0.000000,0.000000,0.000,0.000,AP
2026-08-08 20:32:49,1900-01-00 00:00:00,Wifi House ,98:25:4A:CA:FA:04,-69, WPA2 ,0.000000,0.000000,0.000,0.000,AP
2026-08-08 20:32:49,1900-01-00 00:00:00,Wifi House ,98:25:4A:CA:FA:04,-69, WPA2 ,0.000000,0.000000,0.000,0.000,AP
2026-08-08 20:32:49,1900-01-00 00:00:00,Wifi House ,98:25:4A:CA:FA:04,-69, WPA2 ,0.000000,0.000000,0.000,0.000,AP
2026-08-08 20:32:49,1900-01-00 00:00:00,Wifi House ,98:25:4A:CA:FA:04,-69, WPA2 ,0.000000,0.000000,0.000,0.000,AP
2026-08-08 20:32:49,1900-01-00 00:00:00,Wifi House ,98:25:4A:CA:FA:04,-69, WPA2 ,0.000000,0.000000,0.000,0.000,AP
2026-08-08 20:32:49,1900-01-00 00:00:00,Wifi House ,98:25:4A:CA:FA:04,-69, WPA2 ,0.000000,0.000000,0.000,0.000,AP
2026-08-08 20:32:49,1900-01-00 00:00:00,Wifi House ,98:25:4A:CA:FA:04,-69, WPA2 ,0.000000,0.000000,0.000,0.000,AP
2026-08-08 20:32:49,1900-01-00 00:00:00,Wifi House ,98:25:4A:CA:FA:04,-69, WPA2 ,0.000000,0.000000,0.000,0.000,AP
2026-08-08 20:32:49,1900-01-00 00:00:00,Wifi House ,98:25:4A:CA:FA:04,-69, WPA2 ,0.000000,0.000000,0.000,0.000,AP
2026-08-08 20:32:49,1900-01-00 00:00:00,Wifi House ,98:25:4A:CA:FA:04,-69, WPA2 ,0.000000,0.000000,0.000,0.000,AP
2026-08-08 20:32:49,1900-01-00 00:00:00,Wifi House ,98:25:4A:CA:FA:04,-69, WPA2 ,0.000000,0.000000,0.000,0.000,AP
2026-08-08 20:32:49,1900-01-00 00:00:00,Wifi House ,98:25:4A:CA:FA:04,-69, WPA2 ,0.000000,0.000000,0.000,0.000,AP
2026-08-08 20:32:49,1900-01-00 00:00:00,Wifi House ,98:25:4A:CA:FA:04,-69, WPA2 ,0.000000,0.000000,0.000,0.000,AP
2026-08-08 20:32:49,1900-01-00 00:00:00,Wifi House ,98:25:4A:CA:FA:04,-69, WPA2 ,0.000000,0.000000,0.000,0.000,AP
2026-08-08 20:32:49,1900-01-00 00:00:00,Wifi House ,98:25:4A:CA:FA:04,-69, WPA2 ,0.000000,0.000000,0.000,0.000,AP
2026-08-08 20:32:49,1900-01-00 00:00:00,Wifi House ,98:25:4A:CA:FA:04,-69, WPA2 ,0.000000,0.000000,0.000,0.000,AP
2026-08-08 20:32:49,1900-01-00 00:00:00,Wifi House ,98:25:4A:CA:FA:04,-69, WPA2 ,0.000000,0.000000,0.000,0.000,AP
2026-08-08 20:32:49,1900-01-00 00:00:00,Wifi House ,98:25:4A:CA:FA:04,-69, WPA2 ,0.000000,0.000000,0.000,0.000,AP
2026-08-08 20:32:49,1900-01-00 00:00:00,Wifi House ,98:25:4A:CA:FA:04,-69, WPA2 ,0.000000,0.000000,0.000,0.000,AP
2026-08-08 20:32:49,1900-01-00 00:00:00,Wifi House ,98:25:4A:CA:FA:04,-69, WPA2 ,0.000000,0.000000,0.000,0.000,AP
2026-08-08 20:32:49,1900-01-00 00:00:00,Wifi House ,98:25:4A:CA:FA:04,-69, WPA2 ,0.000000,0.000000,0.000,0.000,AP
2026-08-08 20:32:49,1900-01-00 00:00:00,Wifi House ,98:25:4A:CA:FA:04,-69, WPA2 ,0.000000,0.000000,0.000,0.000,AP
2026-08-08 20:32:49,1900-01-00 00:00:00,Wifi House ,98:25:4A:CA:FA:04,-69, WPA2 ,0.000000,0.000000,0.000,0.000,AP
2026-08-08 20:32:49,1900-01-00 00:00:00,Wifi House ,98:25:4A:CA:FA:04,-69, WPA2 ,0.000000,0.000000,0.000,0.000,AP
2026-08-08 20:32:49,1900-01-00 00:00:00,Wifi House ,98:25:4A:CA:FA:04,-69, WPA2 ,0.000000,0.000000,0.000,0.000,AP
2026-08-08 20:32:49,1900-01-00 00:00:00,Wifi House ,98:25:4A:CA:FA:04,-69, WPA2 ,0.000000,0.000000,0.000,0.000,AP
2026-08-08 20:32:49,1900-01-00 00:00:00,Wifi House ,98:25:4A:CA:FA:04,-69, WPA2 ,0.000000,0.000000,0.000,0.000,AP
2026-08-08 20:32:49,1900-01-00 00:00:00,Wifi House ,98:25:4A:CA:FA:04,-69, WPA2 ,0.000000,0.000000,0.000,0.000,AP
2026-08-08 20:32:49,1900-01-00 00:00:00,Wifi House ,98:25:4A:CA:FA:04,-69, WPA2 ,0.000000,0.000000,0.000,0.000,AP
2026-08-08 20:32:49,1900-01-00 00:00:00,Wifi House ,98:25:4A:CA:FA:04,-69, WPA2 ,0.000000,0.000000,0.000,0.000,AP
2026-08-08 20:32:49,1900-01-00 00:00:00,Wifi House ,98:25:4A:CA:FA:04,-69, WPA2 ,0.000000,0.000000,0.000,0.000,AP
2026-08-08 20:32:49,1900-01-00 00:00:00,Wifi House ,98:25:4A:CA:FA:04,-69, WPA2 ,0.000000,0.000000,0.000,0.000,AP
2026-08-08 20:32:49,1900-01-00 00:00:00,Wifi House ,98:25:4A:CA:FA:04,-69, WPA2 ,0.000000,0.000000,0.000,0.000,AP
2026-08-08 20:32:49,1900-01-00 00:00:00,Wifi House ,98:25:4A:CA:FA:04,-69, WPA2 ,0.000000,0.000000,0.000,0.000,AP
2026-08-08 20:32:49,1900-01-00 00:00:00,Wifi House ,98:25:4A:CA:FA:04,-69, WPA2 ,0.000000,0.000000,0.000,0.000,AP
2026-08-08 20:32:49,1900-01-00 00:00:00,Wifi House ,98:25:4A:CA:FA:04,-69, WPA2 ,0.000000,0.000000,0.000,0.000,AP
2026-08-08 20:32:49,1900-01-00 00:00:00,Wifi House ,98:25:4A:CA:FA:04,-69, WPA2 ,0.000000,0.000000,0.000,0.000,AP
2026-08-08 20:32:49,1900-01-00 00:00:00,Wifi House ,98:25:4A:CA:FA:04,-69, WPA2 ,0.000000,0.000000,0.000,0.000,AP
2026-08-08 20:32:49,1900-01-00 00:00:00,Wifi House ,98:25:4A:CA:FA:04,-69, WPA2 ,0.000000,0.000000,0.000,0.000,AP
2026-08-08 20:32:49,1900-01-00 00:00:00,Wifi House ,98:25:4A:CA:FA:04,-69, WPA2 ,0.000000,0.000000,0.000,0.000,AP
2026-08-08 20:32:49,1900-01-00 00:00:00,Wifi House ,98:25:4A:CA:FA:04,-69, WPA2 ,0.000000,0.000000,0.000,0.000,AP
2026-08-08 20:32:49,1900-01-00 00:00:00,Wifi House ,98:25:4A:CA:FA:04,-69, WPA2 ,0.000000,0.000000,0.000,0.000,AP
2026-08-08 20:32:49,1900-01-00 00:00:00,Wifi House ,98:25:4A:CA:FA:04,-69, WPA2 ,0.000000,0.000000,0.000,0.000,AP
2026-08-08 20:32:49,1900-01-00 00:00:00,Wifi House ,98:25:4A:CA:FA:04,-69, WPA2 ,0.000000,0.000000,0.000,0.000,AP
2026-08-08 20:32:49,1900-01-00 00:00:00,Wifi House ,98:25:4A:CA:FA:04,-69, WPA2 ,0.000000,0.000000,0.000,0.000,AP
2026-08-08 20:32:49,1900-01-00 00:00:00,Wifi House ,98:25:4A:CA:FA:04,-69, WPA2 ,0.000000,0.000000,0.000,0.000,AP
2026-08-08 20:32:49,1900-01-00 00:00:00,Wifi House ,98:25:4A:CA:FA:04,-69, WPA2 ,0.000000,0.000000,0.000,0.000,AP
2026-08-08 20:32:49,1900-01-00 00:00:00,Wifi House ,98:25:4A:CA:FA:04,-69, WPA2 ,0.000000,0.000000,0.000,0.000,AP
2026-08-08 20:32:49,1900-01-00 00:00:00,Wifi House ,98:25:4A:CA:FA:04,-69, WPA2 ,0.000000,0.000000,0.000,0.000,AP
2026-08-08 20:32:49,1900-01-00 00:00:00,Wifi House ,98:25:4A:CA:FA:04,-69, WPA2 ,0.000000,0.000000,0.000,0.000,AP
2026-08-08 20:32:49,1900-01-00 00:00:00,Wifi House ,98:25:4A:CA:FA:04,-69, WPA2 ,0.000000,0.000000,0.000,0.000,AP
2026-08-08 20:32:49,1900-01-00 00:00:00,Wifi House ,98:25:4A:CA:FA:04,-69, WPA2 ,0.000000,0.000000,0.000,0.000,AP
2026-08-08 20:32:49,1900-01-00 00:00:00,Wifi House ,98:25:4A:CA:FA:04,-69, WPA2 ,0.000000,0.000000,0.000,0.000,AP
2026-08-08 20:32:49,1900-01-00 00:00:00,Wifi House ,98:25:4A:CA:FA:04,-69, WPA2 ,0.000000,0.000000,0.000,0.000,AP
2026-08-08 20:32:49,1900-01-00 00:00:00,Wifi House ,98:25:4A:CA:FA:04,-69, WPA2 ,0.000000,0.000000,0.000,0.000,AP
2026-08-08 20:32:49,1900-01-00 00:00:00,Wifi House ,98:25:4A:CA:FA:04,-69, WPA2 ,0.000000,0.000000,0.000,0.000,AP
2026-08-08 20:32:49,1900-01-00 00:00:00,Wifi House ,98:25:4A:CA:FA:04,-69, WPA2 ,0.000000,0.000000,0.000,0.000,AP
2026-08-08 20:32:49,1900-01-00 00:00:00,Wifi House ,98:25:4A:CA:FA:04,-69, WPA2 ,0.000000,0.000000,0.000,0.000,AP
2026-08-08 20:32:49,1900-01-00 00:00:00,Wifi House ,98:25:4A:CA:FA:04,-69, WPA2 ,0.000000,0.000000,0.000,0.000,AP
2026-08-08 20:32:49,1900-01-00 00:00:00,Wifi House ,98:25:4A:CA:FA:04,-69, WPA2 ,0.000000,0.000000,0.000,0.000,AP
2026-08-08 20:32:49,1900-01-00 00:00:00,Wifi House ,98:25:4A:CA:FA:04,-69, WPA2 ,0.000000,0.000000,0.000,0.000,AP
2026-08-08 20:32:49,1900-01-00 00:00:00,Wifi House ,98:25:4A:CA:FA:04,-69, WPA2 ,0.000000,0.000000,0.000,0.000,AP
2026-08-08 20:32:49,1900-01-00 00:00:00,Wifi House ,98:25:4A:CA:FA:04,-69, WPA2 ,0.000000,0.000000,0.000,0.000,AP
2026-08-08 20:32:49,1900-01-00 00:00:00,Wifi House ,98:25:4A:CA:FA:04,-69, WPA2 ,0.000000,0.000000,0.000,0.000,AP
2026-08-08 20:32:49,1900-01-00 00:00:00,Wifi House ,98:25:4A:CA:FA:04,-69, WPA2 ,0.000000,0.000000,0.000,0.000,AP
2026-08-08 20:32:49,1900-01-00 00:00:00,Wifi House ,98:25:4A:CA:FA:04,-69, WPA2 ,0.000000,0.000000,0.000,0.000,AP
2026-08-08 20:32:49,1900-01-00 00:00:00,Wifi House ,98:25:4A:CA:FA:04,-69, WPA2 ,0.000000,0.000000,0.000,0.000,AP
2026-08-08 20:32:49,1900-01-00 00:00:00,Wifi House ,98:25:4A:CA:FA:04,-69, WPA2 ,0.000000,0.000000,0.000,0.000,AP
2026-08-08 20:32:49,1900-01-00 00:00:00,Wifi House ,98:25:4A:CA:FA:04,-69, WPA2 ,0.000000,0.000000,0.000,0.000,AP
2026-08-08 20:32:49,1900-01-00 00:00:00,Wifi House ,98:25:4A:CA:FA:04,-69, WPA2 ,0.000000,0.000000,0.000,0.000,AP
2026-08-08 20:32:49,1900-01-00 00:00:00,Wifi House ,98:25:4A:CA:FA:04,-69, WPA2 ,0.000000,0.000000,0.000,0.000,AP
2026-08-08 20:32:49,1900-01-00 00:00:00,Wifi House ,98:25:4A:CA:FA:04,-69, WPA2 ,0.000000,0.000000,0.000,0.000,AP
2026-08-08 20:32:49,1900-01-00 00:00:00,Wifi House ,98:25:4A:CA:FA:04,-69, WPA2 ,0.000000,0.000000,0.000,0.000,AP
2026-08-08 20:32:49,1900-01-00 00:00:00,Wifi House ,98:25:4A:CA:FA:04,-69, WPA2 ,0.000000,0.000000,0.000,0.000,AP
2026-08-08 20:32:49,1900-01-00 00:00:00,Wifi House ,98:25:4A:CA:FA:04,-69, WPA2 ,0.000000,0.000000,0.000,0.000,AP
2026-08-08 20:32:49,1900-01-00 00:00:00,Wifi House ,98:25:4A:CA:FA:04,-69, WPA2 ,0.000000,0.000000,0.000,0.000,AP
2026-08-08 20:32:49,1900-01-00 00:00:00,Wifi House ,98:25:4A:CA:FA:04,-69, WPA2 ,0.000000,0.000000,0.000,0.000,AP
2026-08-08 20:32:49,1900-01-00 00:00:00,Wifi House ,98:25:4A:CA:FA:04,-69, WPA2 ,0.000000,0.000000,0.000,0.000,AP
2026-08-08 20:32:49,1900-01-00 00:00:00,Wifi House ,98:25:4A:CA:FA:04,-69, WPA2 ,0.000000,0.000000,0.000,0.000,AP
2026-08-08 20:32:49,1900-01-00 00:00:00,Wifi House ,98:25:4A:CA:FA:04,-69, WPA2 ,0.000000,0.000000,0.000,0.000,AP
2026-08-08 20:32:49,1900-01-00 00:00:00,Wifi House ,98:25:4A:CA:FA:04,-82, WPA2 ,0.000000,0.000000,0.000,0.000,AP
2026-08-08 20:32:49,1900-01-00 00:00:00,Wifi House ,98:25:4A:CA:FA:04,-82, WPA2 ,0.000000,0.000000,0.000,0.000,AP
2026-08-08 20:32:49,1900-01-00 00:00:00,Wifi House ,98:25:4A:CA:FA:04,-82, WPA2 ,0.000000,0.000000,0.000,0.000,AP
2026-08-08 20:32:49,1900-01-00 00:00:00,Wifi House ,98:25:4A:CA:FA:04,-82, WPA2 ,0.000000,0.000000,0.000,0.000,AP
2026-08-08 20:32:49,1900-01-00 00:00:00,Wifi House ,98:25:4A:CA:FA:04,-82, WPA2 ,0.000000,0.000000,0.000,0.000,AP
2026-08-08 20:32:49,1900-01-00 00:00:00,Wifi House ,98:25:4A:CA:FA:04,-61, WPA2 ,0.000000,0.000000,0.000,0.000,AP
2026-08-08 20:32:49,1900-01-00 00:00:00,Wifi House ,98:25:4A:CA:FA:04,-67, WPA2 ,0.000000,0.000000,0.000,0.000,AP
2026-08-08 20:32:49,1900-01-00 00:00:00,Wifi House ,98:25:4A:CA:FA:04,-67, WPA2 ,0.000000,0.000000,0.000,0.000,AP
2026-08-08 20:32:49,1900-01-00 00:00:00,Wifi House ,98:25:4A:CA:FA:04,-67, WPA2 ,0.000000,0.000000,0.000,0.000,AP
2026-08-08 20:32:49,1900-01-00 00:00:00,Wifi House ,98:25:4A:CA:FA:04,-67, WPA2 ,0.000000,0.000000,0.000,0.000,AP
2026-08-08 20:32:49,1900-01-00 00:00:00,Wifi House ,98:25:4A:CA:FA:04,-67, WPA2 ,0.000000,0.000000,0.000,0.000,AP
2026-08-08 20:32:49,1900-01-00 00:00:00,Wifi House ,98:25:4A:CA:FA:04,-81, WPA2 ,0.000000,0.000000,0.000,0.000,AP
2026-08-08 20:32:49,1900-01-00 00:00:00,Wifi House ,98:25:4A:CA:FA:04,-81, WPA2 ,0.000000,0.000000,0.000,0.000,AP
2026-08-08 20:32:49,1900-01-00 00:00:00,Wifi House ,98:25:4A:CA:FA:04,-81, WPA2 ,0.000000,0.000000,0.000,0.000,AP
2026-08-08 20:32:49,1900-01-00 00:00:00,Wifi House ,98:25:4A:CA:FA:04,-81, WPA2 ,0.000000,0.000000,0.000,0.000,AP
2026-08-08 20:32:49,1900-01-00 00:00:00,Wifi House ,98:25:4A:CA:FA:04,-54, WPA2 ,0.000000,0.000000,0.000,0.000,AP
2026-08-08 20:32:49,1900-01-00 00:00:00,Wifi House ,98:25:4A:CA:FA:04,-54, WPA2 ,0.000000,0.000000,0.000,0.000,AP
2026-08-08 20:32:49,1900-01-00 00:00:00,Wifi House ,98:25:4A:CA:FA:04,-54, WPA2 ,0.000000,0.000000,0.000,0.000,AP
2026-08-08 20:32:49,1900-01-00 00:00:00,Wifi House ,98:25:4A:CA:FA:04,-81, WPA2 ,0.000000,0.000000,0.000,0.000,AP
2026-08-08 20:32:49,1900-01-00 00:00:00,Wifi House ,98:25:4A:CA:FA:04,-81, WPA2 ,0.000000,0.000000,0.000,0.000,AP
2026-08-08 20:32:49,1900-01-00 00:00:00,Wifi House ,98:25:4A:CA:FA:04,-82, WPA2 ,0.000000,0.000000,0.000,0.000,AP
2026-08-08 20:32:49,1900-01-00 00:00:00,Wifi House ,98:25:4A:CA:FA:04,-83, WPA2 ,0.000000,0.000000,0.000,0.000,AP
2026-08-08 20:32:49,1900-01-00 00:00:00,Wifi House ,98:25:4A:CA:FA:04,-83, WPA2 ,0.000000,0.000000,0.000,0.000,AP
2026-08-08 20:32:49,1900-01-00 00:00:00,Wifi House ,98:25:4A:CA:FA:04,-85, WPA2 ,0.000000,0.000000,0.000,0.000,AP
2026-08-08 20:32:49,1900-01-00 00:00:00,Wifi House ,98:25:4A:CA:FA:04,-85, WPA2 ,0.000000,0.000000,0.000,0.000,AP
2026-08-08 20:32:49,1900-01-00 00:00:00,Wifi House ,98:25:4A:CA:FA:04,-84, WPA2 ,0.000000,0.000000,0.000,0.000,AP
2026-08-08 20:32:49,1900-01-00 00:00:00,Wifi House ,98:25:4A:CA:FA:04,-84, WPA2 ,0.000000,0.000000,0.000,0.000,AP
2026-08-08 20:32:49,1900-01-00 00:00:00,Wifi House ,98:25:4A:CA:FA:04,-53, WPA2 ,0.000000,0.000000,0.000,0.000,AP
2026-08-08 20:32:49,1900-01-00 00:00:00,Wifi House ,98:25:4A:CA:FA:04,-53, WPA2 ,0.000000,0.000000,0.000,0.000,AP
2026-08-08 20:32:49,1900-01-00 00:00:00,Wifi House ,98:25:4A:CA:FA:04,-54, WPA2 ,0.000000,0.000000,0.000,0.000,AP
2026-08-08 20:32:49,1900-01-00 00:00:00,Wifi House ,98:25:4A:CA:FA:04,-54, WPA2 ,0.000000,0.000000,0.000,0.000,AP
2026-08-08 20:32:49,1900-01-00 00:00:00,Wifi House ,98:25:4A:CA:FA:04,-54, WPA2 ,0.000000,0.000000,0.000,0.000,AP
2026-08-08 20:32:49,1900-01-00 00:00:00,Wifi House ,98:25:4A:CA:FA:04,-54, WPA2 ,0.000000,0.000000,0.000,0.000,AP
2026-08-08 20:32:49,1900-01-00 00:00:00,Wifi House ,98:25:4A:CA:FA:04,-54, WPA2 ,0.000000,0.000000,0.000,0.000,AP
2026-08-08 20:32:49,1900-01-00 00:00:00,Wifi House ,98:25:4A:CA:FA:04,-54, WPA2 ,0.000000,0.000000,0.000,0.000,AP
2026-08-08 20:32:49,1900-01-00 00:00:00,Wifi House ,98:25:4A:CA:FA:04,-55, WPA2 ,0.000000,0.000000,0.000,0.000,AP
2026-08-08 20:32:49,1900-01-00 00:00:00,Wifi House ,98:25:4A:CA:FA:04,-55, WPA2 ,0.000000,0.000000,0.000,0.000,AP
2026-08-08 20:32:49,1900-01-00 00:00:00,Wifi House ,98:25:4A:CA:FA:04,-55, WPA2 ,0.000000,0.000000,0.000,0.000,AP
2026-08-08 20:32:49,1900-01-00 00:00:00,Wifi House ,98:25:4A:CA:FA:04,-55, WPA2 ,0.000000,0.000000,0.000,0.000,AP
2026-08-08 20:32:49,1900-01-00 00:00:00,Wifi House ,98:25:4A:CA:FA:04,-55, WPA2 ,0.000000,0.000000,0.000,0.000,AP
2026-08-08 20:32:49,1900-01-00 00:00:00,Wifi House ,98:25:4A:CA:FA:04,-55, WPA2 ,0.000000,0.000000,0.000,0.000,AP
2026-08-08 20:32:49,1900-01-00 00:00:00,Wifi House ,98:25:4A:CA:FA:04,-54, WPA2 ,0.000000,0.000000,0.000,0.000,AP
2026-08-08 20:32:49,1900-01-00 00:00:00,Wifi House ,98:25:4A:CA:FA:04,-54, WPA2 ,0.000000,0.000000,0.000,0.000,AP
2026-08-08 20:32:49,1900-01-00 00:00:00,Wifi House ,98:25:4A:CA:FA:04,-54, WPA2 ,0.000000,0.000000,0.000,0.000,AP
2026-08-08 20:32:49,1900-01-00 00:00:00,Wifi House ,98:25:4A:CA:FA:04,-60, WPA2 ,0.000000,0.000000,0.000,0.000,AP
2026-08-08 20:32:49,1900-01-00 00:00:00,Wifi House ,98:25:4A:CA:FA:04,-60, WPA2 ,0.000000,0.000000,0.000,0.000,AP
2026-08-08 20:32:49,1900-01-00 00:00:00,Wifi House ,98:25:4A:CA:FA:04,-60, WPA2 ,0.000000,0.000000,0.000,0.000,AP
2026-08-08 20:32:49,1900-01-00 00:00:00,Wifi House ,98:25:4A:CA:FA:04,-55, WPA2 ,0.000000,0.000000,0.000,0.000,AP
2026-08-08 20:32:49,1900-01-00 00:00:00,Wifi House ,98:25:4A:CA:FA:04,-55, WPA2 ,0.000000,0.000000,0.000,0.000,AP
2026-08-08 20:32:49,1900-01-00 00:00:00,Wifi House ,98:25:4A:CA:FA:04,-55, WPA2 ,0.000000,0.000000,0.000,0.000,AP
2026-08-08 20:32:49,1900-01-00 00:00:00,Wifi House ,98:25:4A:CA:FA:04,-54, WPA2 ,0.000000,0.000000,0.000,0.000,AP
2026-08-08 20:32:49,1900-01-00 00:00:00,Wifi House ,98:25:4A:CA:FA:04,-55, WPA2 ,0.000000,0.000000,0.000,0.000,AP
2026-08-08 20:32:49,1900-01-00 00:00:00,Wifi House ,98:25:4A:CA:FA:04,-55, WPA2 ,0.000000,0.000000,0.000,0.000,AP
2026-08-08 20:32:49,1900-01-00 00:00:00,Wifi House ,98:25:4A:CA:FA:04,-55, WPA2 ,0.000000,0.000000,0.000,0.000,AP
2026-08-08 20:32:49,1900-01-00 00:00:00,Wifi House ,98:25:4A:CA:FA:04,-55, WPA2 ,0.000000,0.000000,0.000,0.000,AP
2026-08-08 20:32:49,1900-01-00 00:00:00,Wifi House ,98:25:4A:CA:FA:04,-55, WPA2 ,0.000000,0.000000,0.000,0.000,AP
2026-08-08 20:32:49,1900-01-00 00:00:00,Wifi House ,98:25:4A:CA:FA:04,-54, WPA2 ,0.000000,0.000000,0.000,0.000,AP
2026-08-08 20:32:49,1900-01-00 00:00:00,Wifi House ,98:25:4A:CA:FA:04,-54, WPA2 ,0.000000,0.000000,0.000,0.000,AP
2026-08-08 20:32:49,1900-01-00 00:00:00,Wifi House ,98:25:4A:CA:FA:04,-54, WPA2 ,0.000000,0.000000,0.000,0.000,AP
2026-08-08 20:32:49,1900-01-00 00:00:00,Wifi House ,98:25:4A:CA:FA:04,-54, WPA2 ,0.000000,0.000000,0.000,0.000,AP
2026-08-08 20:32:49,1900-01-00 00:00:00,Wifi House ,98:25:4A:CA:FA:04,-54, WPA2 ,0.000000,0.000000,0.000,0.000,AP
2026-08-08 20:32:49,1900-01-00 00:00:00,Wifi House ,98:25:4A:CA:FA:04,-54, WPA2 ,0.000000,0.000000,0.000,0.000,AP
2026-08-08 20:32:49,1900-01-00 00:00:00,Wifi House ,98:25:4A:CA:FA:04,-54, WPA2 ,0.000000,0.000000,0.000,0.000,AP
2026-08-08 20:32:49,1900-01-00 00:00:00,Wifi House ,98:25:4A:CA:FA:04,-54, WPA2 ,0.000000,0.000000,0.000,0.000,AP
2026-08-08 20:32:49,1900-01-00 00:00:00,Wifi House ,98:25:4A:CA:FA:04,-54, WPA2 ,0.000000,0.000000,0.000,0.000,AP
2026-08-08 20:32:49,1900-01-00 00:00:00,Wifi House ,98:25:4A:CA:FA:04,-54, WPA2 ,0.000000,0.000000,0.000,0.000,AP
2026-08-08 20:32:49,1900-01-00 00:00:00,Wifi House ,98:25:4A:CA:FA:04,-54, WPA2 ,0.000000,0.000000,0.000,0.000,AP
2026-08-08 20:32:49,1900-01-00 00:00:00,Wifi House ,98:25:4A:CA:FA:04,-54, WPA2 ,0.000000,0.000000,0.000,0.000,AP
2026-08-08 20:32:49,1900-01-00 00:00:00,Wifi House ,98:25:4A:CA:FA:04,-54, WPA2 ,0.000000,0.000000,0.000,0.000,AP
2026-08-08 20:32:49,1900-01-00 00:00:00,Wifi House ,98:25:4A:CA:FA:04,-54, WPA2 ,0.000000,0.000000,0.000,0.000,AP
2026-08-08 20:32:49,1900-01-00 00:00:00,Wifi House ,98:25:4A:CA:FA:04,-54, WPA2 ,0.000000,0.000000,0.000,0.000,AP
2026-08-08 20:32:49,1900-01-00 00:00:00,Wifi House ,98:25:4A:CA:FA:04,-54, WPA2 ,0.000000,0.000000,0.000,0.000,AP
2026-08-08 20:32:49,1900-01-00 00:00:00,Wifi House ,98:25:4A:CA:FA:04,-54, WPA2 ,0.000000,0.000000,0.000,0.000,AP
2026-08-08 20:32:49,1900-01-00 00:00:00,Wifi House ,98:25:4A:CA:FA:04,-54, WPA2 ,0.000000,0.000000,0.000,0.000,AP
2026-08-08 20:32:49,1900-01-00 00:00:00,Wifi House ,98:25:4A:CA:FA:04,-54, WPA2 ,0.000000,0.000000,0.000,0.000,AP
2026-08-08 20:32:49,1900-01-00 00:00:00,Wifi House ,98:25:4A:CA:FA:04,-54, WPA2 ,0.000000,0.000000,0.000,0.000,AP
2026-08-08 20:32:49,1900-01-00 00:00:00,Wifi House ,98:25:4A:CA:FA:04,-54, WPA2 ,0.000000,0.000000,0.000,0.000,AP
2026-08-08 20:32:49,1900-01-00 00:00:00,Wifi House ,98:25:4A:CA:FA:04,-55, WPA2 ,0.000000,0.000000,0.000,0.000,AP
2026-08-08 20:32:49,1900-01-00 00:00:00,Wifi House ,98:25:4A:CA:FA:04,-55, WPA2 ,0.000000,0.000000,0.000,0.000,AP
2026-08-08 20:32:49,1900-01-00 00:00:00,Wifi House ,98:25:4A:CA:FA:04,-55, WPA2 ,0.000000,0.000000,0.000,0.000,AP
2026-08-08 20:32:49,1900-01-00 00:00:00,Wifi House ,98:25:4A:CA:FA:04,-55, WPA2 ,0.000000,0.000000,0.000,0.000,AP
2026-08-08 20:32:49,1900-01-00 00:00:00,Wifi House ,98:25:4A:CA:FA:04,-54, WPA2 ,0.000000,0.000000,0.000,0.000,AP
2026-08-08 20:32:49,1900-01-00 00:00:00,Wifi House ,98:25:4A:CA:FA:04,-55, WPA2 ,0.000000,0.000000,0.000,0.000,AP
2026-08-08 20:32:49,1900-01-00 00:00:00,Wifi House ,98:25:4A:CA:FA:04,-56, WPA2 ,0.000000,0.000000,0.000,0.000,AP
2026-08-08 20:32:49,1900-01-00 00:00:00,Wifi House ,98:25:4A:CA:FA:04,-55, WPA2 ,0.000000,0.000000,0.000,0.000,AP
2026-08-08 20:32:49,1900-01-00 00:00:00,Wifi House ,98:25:4A:CA:FA:04,-56, WPA2 ,0.000000,0.000000,0.000,0.000,AP
2026-08-08 20:32:49,1900-01-00 00:00:00,Wifi House ,98:25:4A:CA:FA:04,-55, WPA2 ,0.000000,0.000000,0.000,0.000,AP
2026-08-08 20:32:49,1900-01-00 00:00:00,Wifi House ,98:25:4A:CA:FA:04,-55, WPA2 ,0.000000,0.000000,0.000,0.000,AP
2026-08-08 20:32:49,1900-01-00 00:00:00,Wifi House ,98:25:4A:CA:FA:04,-55, WPA2 ,0.000000,0.000000,0.000,0.000,AP
2026-08-08 20:32:49,1900-01-00 00:00:00,Wifi House ,98:25:4A:CA:FA:04,-55, WPA2 ,0.000000,0.000000,0.000,0.000,AP
2026-08-08 20:32:49,1900-01-00 00:00:00,Wifi House ,98:25:4A:CA:FA:04,-55, WPA2 ,0.000000,0.000000,0.000,0.000,AP
2026-08-08 20:32:49,1900-01-00 00:00:00,Wifi House ,98:25:4A:CA:FA:04,-63, WPA2 ,0.000000,0.000000,0.000,0.000,AP
2026-08-08 20:32:49,1900-01-00 00:00:00,Wifi House ,98:25:4A:CA:FA:04,-63, WPA2 ,0.000000,0.000000,0.000,0.000,AP
2026-08-08 20:32:49,1900-01-00 00:00:00,Wifi House ,98:25:4A:CA:FA:04,-63, WPA2 ,0.000000,0.000000,0.000,0.000,AP
2026-08-08 20:32:49,1900-01-00 00:00:00,Wifi House ,98:25:4A:CA:FA:04,-64, WPA2 ,0.000000,0.000000,0.000,0.000,AP
2026-08-08 20:32:49,1900-01-00 00:00:00,Wifi House ,98:25:4A:CA:FA:04,-64, WPA2 ,0.000000,0.000000,0.000,0.000,AP
2026-08-08 20:32:49,1900-01-00 00:00:00,Wifi House ,98:25:4A:CA:FA:04,-64, WPA2 ,0.000000,0.000000,0.000,0.000,AP
2026-08-08 20:32:49,1900-01-00 00:00:00,Wifi House ,98:25:4A:CA:FA:04,-63, WPA2 ,0.000000,0.000000,0.000,0.000,AP
2026-08-08 20:32:49,1900-01-00 00:00:00,Wifi House ,98:25:4A:CA:FA:04,-63, WPA2 ,0.000000,0.000000,0.000,0.000,AP
2026-08-08 20:32:49,1900-01-00 00:00:00,Wifi House ,98:25:4A:CA:FA:04,-63, WPA2 ,0.000000,0.000000,0.000,0.000,AP
2026-08-08 20:32:49,1900-01-00 00:00:00,Wifi House ,98:25:4A:CA:FA:04,-65, WPA2 ,0.000000,0.000000,0.000,0.000,AP
2026-08-08 20:32:49,1900-01-00 00:00:00,Wifi House ,98:25:4A:CA:FA:04,-65, WPA2 ,0.000000,0.000000,0.000,0.000,AP
2026-08-08 20:32:49,1900-01-00 00:00:00,Wifi House ,98:25:4A:CA:FA:04,-65, WPA2 ,0.000000,0.000000,0.000,0.000,AP
2026-08-08 20:32:49,1900-01-00 00:00:00,Wifi House ,98:25:4A:CA:FA:04,-65, WPA2 ,0.000000,0.000000,0.000,0.000,AP
2026-08-08 20:32:49,1900-01-00 00:00:00,Wifi House ,98:25:4A:CA:FA:04,-65, WPA2 ,0.000000,0.000000,0.000,0.000,AP
2026-08-08 20:32:49,1900-01-00 00:00:00,Wifi House ,98:25:4A:CA:FA:04,-65, WPA2 ,0.000000,0.000000,0.000,0.000,AP
2026-08-08 20:32:49,1900-01-00 00:00:00,Wifi House ,98:25:4A:CA:FA:04,-65, WPA2 ,0.000000,0.000000,0.000,0.000,AP
2026-08-08 20:32:49,1900-01-00 00:00:00,Wifi House ,98:25:4A:CA:FA:04,-65, WPA2 ,0.000000,0.000000,0.000,0.000,AP
2026-08-08 20:32:49,1900-01-00 00:00:00,Wifi House ,98:25:4A:CA:FA:04,-63, WPA2 ,0.000000,0.000000,0.000,0.000,AP
2026-08-08 20:32:49,1900-01-00 00:00:00,Wifi House ,98:25:4A:CA:FA:04,-63, WPA2 ,0.000000,0.000000,0.000,0.000,AP
2026-08-08 20:32:49,1900-01-00 00:00:00,Wifi House ,98:25:4A:CA:FA:04,-63, WPA2 ,0.000000,0.000000,0.000,0.000,AP
2026-08-08 20:32:49,1900-01-00 00:00:00,Wifi House ,98:25:4A:CA:FA:04,-63, WPA2 ,0.000000,0.000000,0.000,0.000,AP
2026-08-08 20:32:49,1900-01-00 00:00:00,Wifi House ,98:25:4A:CA:FA:04,-63, WPA2 ,0.000000,0.000000,0.000,0.000,AP
2026-08-08 20:32:49,1900-01-00 00:00:00,Wifi House ,98:25:4A:CA:FA:04,-63, WPA2 ,0.000000,0.000000,0.000,0.000,AP
2026-08-08 20:32:49,1900-01-00 00:00:00,Wifi House ,98:25:4A:CA:FA:04,-63, WPA2 ,0.000000,0.000000,0.000,0.000,AP
2026-08-08 20:32:49,1900-01-00 00:00:00,Wifi House ,98:25:4A:CA:FA:04,-63, WPA2 ,0.000000,0.000000,0.000,0.000,AP
2026-08-08 20:32:49,1900-01-00 00:00:00,Wifi House ,98:25:4A:CA:FA:04,-63, WPA2 ,0.000000,0.000000,0.000,0.000,AP
2026-08-08 20:32:49,1900-01-00 00:00:00,Wifi House ,98:25:4A:CA:FA:04,-63, WPA2 ,0.000000,0.000000,0.000,0.000,AP
2026-08-08 20:32:49,1900-01-00 00:00:00,Wifi House ,98:25:4A:CA:FA:04,-63, WPA2 ,0.000000,0.000000,0.000,0.000,AP
2026-08-08 20:32:49,1900-01-00 00:00:00,Wifi House ,98:25:4A:CA:FA:04,-64, WPA2 ,0.000000,0.000000,0.000,0.000,AP
2026-08-08 20:32:49,1900-01-00 00:00:00,Wifi House ,98:25:4A:CA:FA:04,-64, WPA2 ,0.000000,0.000000,0.000,0.000,AP
2026-08-08 20:32:49,1900-01-00 00:00:00,Wifi House ,98:25:4A:CA:FA:04,-64, WPA2 ,0.000000,0.000000,0.000,0.000,AP
2026-08-08 20:32:49,1900-01-00 00:00:00,Wifi House ,98:25:4A:CA:FA:04,-64, WPA2 ,0.000000,0.000000,0.000,0.000,AP
2026-08-08 20:32:49,1900-01-00 00:00:00,Wifi House ,98:25:4A:CA:FA:04,-62, WPA2 ,0.000000,0.000000,0.000,0.000,AP
2026-08-08 20:32:49,1900-01-00 00:00:00,Wifi House ,98:25:4A:CA:FA:04,-62, WPA2 ,0.000000,0.000000,0.000,0.000,AP
2026-08-08 20:32:49,1900-01-00 00:00:00,Wifi House ,98:25:4A:CA:FA:04,-62, WPA2 ,0.000000,0.000000,0.000,0.000,AP
2026-08-08 20:32:49,1900-01-00 00:00:00,Wifi House ,98:25:4A:CA:FA:04,-62, WPA2 ,0.000000,0.000000,0.000,0.000,AP
2026-08-08 20:32:49,1900-01-00 00:00:00,Wifi House ,98:25:4A:CA:FA:04,-61, WPA2 ,0.000000,0.000000,0.000,0.000,AP
2026-08-08 20:32:49,1900-01-00 00:00:00,Wifi House ,98:25:4A:CA:FA:04,-61, WPA2 ,0.000000,0.000000,0.000,0.000,AP
2026-08-08 20:32:49,1900-01-00 00:00:00,Wifi House ,98:25:4A:CA:FA:04,-61, WPA2 ,0.000000,0.000000,0.000,0.000,AP
2026-08-08 20:32:49,1900-01-00 00:00:00,Wifi House ,98:25:4A:CA:FA:04,-61, WPA2 ,0.000000,0.000000,0.000,0.000,AP
2026-08-08 20:32:49,1900-01-00 00:00:00,Wifi House ,98:25:4A:CA:FA:04,-61, WPA2 ,0.000000,0.000000,0.000,0.000,AP
2026-08-08 20:32:49,1900-01-00 00:00:00,Wifi House ,98:25:4A:CA:FA:04,-61, WPA2 ,0.000000,0.000000,0.000,0.000,AP
2026-08-08 20:32:49,1900-01-00 00:00:00,Wifi House ,98:25:4A:CA:FA:04,-62, WPA2 ,0.000000,0.000000,0.000,0.000,AP
2026-08-08 20:32:49,1900-01-00 00:00:00,Wifi House ,98:25:4A:CA:FA:04,-62, WPA2 ,0.000000,0.000000,0.000,0.000,AP
2026-08-08 20:32:49,1900-01-00 00:00:00,Wifi House ,98:25:4A:CA:FA:04,-62, WPA2 ,0.000000,0.000000,0.000,0.000,AP
2026-08-08 20:32:49,1900-01-00 00:00:00,Wifi House ,98:25:4A:CA:FA:04,-62, WPA2 ,0.000000,0.000000,0.000,0.000,AP
2026-08-08 20:32:49,1900-01-00 00:00:00,Wifi House ,98:25:4A:CA:FA:04,-62, WPA2 ,0.000000,0.000000,0.000,0.000,AP
2026-08-08 20:32:49,1900-01-00 00:00:00,Wifi House ,98:25:4A:CA:FA:04,-62, WPA2 ,0.000000,0.000000,0.000,0.000,AP
2026-08-08 20:32:49,1900-01-00 00:00:00,Wifi House ,98:25:4A:CA:FA:04,-62, WPA2 ,0.000000,0.000000,0.000,0.000,AP
2026-08-08 20:32:49,1900-01-00 00:00:00,Wifi House ,98:25:4A:CA:FA:04,-62, WPA2 ,0.000000,0.000000,0.000,0.000,AP
2026-08-08 20:32:49,1900-01-00 00:00:00,Wifi House ,98:25:4A:CA:FA:04,-62, WPA2 ,0.000000,0.000000,0.000,0.000,AP
2026-08-08 20:32:49,1900-01-00 00:00:00,Wifi House ,98:25:4A:CA:FA:04,-63, WPA2 ,0.000000,0.000000,0.000,0.000,AP
2026-08-08 20:32:49,1900-01-00 00:00:00,Wifi House ,98:25:4A:CA:FA:04,-63, WPA2 ,0.000000,0.000000,0.000,0.000,AP
2026-08-08 20:32:49,1900-01-00 00:00:00,Wifi House ,98:25:4A:CA:FA:04,-59, WPA2 ,0.000000,0.000000,0.000,0.000,AP
2026-08-08 20:32:49,1900-01-00 00:00:00,Wifi House ,98:25:4A:CA:FA:04,-59, WPA2 ,0.000000,0.000000,0.000,0.000,AP
2026-08-08 20:32:49,1900-01-00 00:00:00,Wifi House ,98:25:4A:CA:FA:04,-59, WPA2 ,0.000000,0.000000,0.000,0.000,AP
2026-08-08 20:32:49,1900-01-00 00:00:00,Wifi House ,98:25:4A:CA:FA:04,-59, WPA2 ,0.000000,0.000000,0.000,0.000,AP
2026-08-08 20:32:49,1900-01-00 00:00:00,Wifi House ,98:25:4A:CA:FA:04,-59, WPA2 ,0.000000,0.000000,0.000,0.000,AP
2026-08-08 20:32:49,1900-01-00 00:00:00,Wifi House ,98:25:4A:CA:FA:04,-59, WPA2 ,0.000000,0.000000,0.000,0.000,AP
2026-08-08 20:32:49,1900-01-00 00:00:00,Wifi House ,98:25:4A:CA:FA:04,-53, WPA2 ,0.000000,0.000000,0.000,0.000,AP
2026-08-08 20:32:49,1900-01-00 00:00:00,Wifi House ,98:25:4A:CA:FA:04,-53, WPA2 ,0.000000,0.000000,0.000,0.000,AP
2026-08-08 20:32:49,1900-01-00 00:00:00,Wifi House ,98:25:4A:CA:FA:04,-53, WPA2 ,0.000000,0.000000,0.000,0.000,AP
2026-08-08 20:32:49,1900-01-00 00:00:00,Wifi House ,98:25:4A:CA:FA:04,-53, WPA2 ,0.000000,0.000000,0.000,0.000,AP
2026-08-08 20:32:49,1900-01-00 00:00:00,Wifi House ,98:25:4A:CA:FA:04,-53, WPA2 ,0.000000,0.000000,0.000,0.000,AP
2026-08-08 20:32:49,1900-01-00 00:00:00,Wifi House ,98:25:4A:CA:FA:04,-53, WPA2 ,0.000000,0.000000,0.000,0.000,AP
2026-08-08 20:32:49,1900-01-00 00:00:00,Wifi House ,98:25:4A:CA:FA:04,-53, WPA2 ,0.000000,0.000000,0.000,0.000,AP
2026-08-08 20:32:49,1900-01-00 00:00:00,Wifi House ,98:25:4A:CA:FA:04,-53, WPA2 ,0.000000,0.000000,0.000,0.000,AP
2026-08-08 20:32:49,1900-01-00 00:00:00,Wifi House ,98:25:4A:CA:FA:04,-53, WPA2 ,0.000000,0.000000,0.000,0.000,AP
2026-08-08 20:32:49,1900-01-00 00:00:00,Wifi House ,98:25:4A:CA:FA:04,-53, WPA2 ,0.000000,0.000000,0.000,0.000,AP
2026-08-08 20:32:49,1900-01-00 00:00:00,Wifi House ,98:25:4A:CA:FA:04,-53, WPA2 ,0.000000,0.000000,0.000,0.000,AP
2026-08-08 20:32:49,1900-01-00 00:00:00,Wifi House ,98:25:4A:CA:FA:04,-53, WPA2 ,0.000000,0.000000,0.000,0.000,AP
2026-08-08 20:32:49,1900-01-00 00:00:00,Wifi House ,98:25:4A:CA:FA:04,-53, WPA2 ,0.000000,0.000000,0.000,0.000,AP
2026-08-08 20:32:49,1900-01-00 00:00:00,Wifi House ,98:25:4A:CA:FA:04,-53, WPA2 ,0.000000,0.000000,0.000,0.000,AP
2026-08-08 20:32:49,1900-01-00 00:00:00,Wifi House ,98:25:4A:CA:FA:04,-53, WPA2 ,0.000000,0.000000,0.000,0.000,AP
2026-08-08 20:32:49,1900-01-00 00:00:00,Wifi House ,98:25:4A:CA:FA:04,-54, WPA2 ,0.000000,0.000000,0.000,0.000,AP
2026-08-08 20:32:49,1900-01-00 00:00:00,Wifi House ,98:25:4A:CA:FA:04,-54, WPA2 ,0.000000,0.000000,0.000,0.000,AP
2026-08-08 20:32:49,1900-01-00 00:00:00,Wifi House ,98:25:4A:CA:FA:04,-54, WPA2 ,0.000000,0.000000,0.000,0.000,AP
2026-08-08 20:32:49,1900-01-00 00:00:00,Wifi House ,98:25:4A:CA:FA:04,-60, WPA2 ,0.000000,0.000000,0.000,0.000,AP
2026-08-08 20:32:49,1900-01-00 00:00:00,Wifi House ,98:25:4A:CA:FA:04,-55, WPA2 ,0.000000,0.000000,0.000,0.000,AP
2026-08-08 20:32:49,1900-01-00 00:00:00,Wifi House ,98:25:4A:CA:FA:04,-55, WPA2 ,0.000000,0.000000,0.000,0.000,AP
2026-08-08 20:32:49,1900-01-00 00:00:00,Wifi House ,98:25:4A:CA:FA:04,-54, WPA2 ,0.000000,0.000000,0.000,0.000,AP
2026-08-08 20:32:49,1900-01-00 00:00:00,Wifi House ,98:25:4A:CA:FA:04,-54, WPA2 ,0.000000,0.000000,0.000,0.000,AP
2026-08-08 20:32:49,1900-01-00 00:00:00,Wifi House ,98:25:4A:CA:FA:04,-54, WPA2 ,0.000000,0.000000,0.000,0.000,AP
2026-08-08 20:32:49,1900-01-00 00:00:00,Wifi House ,98:25:4A:CA:FA:04,-54, WPA2 ,0.000000,0.000000,0.000,0.000,AP
2026-08-08 20:32:49,1900-01-00 00:00:00,Wifi House ,98:25:4A:CA:FA:04,-54, WPA2 ,0.000000,0.000000,0.000,0.000,AP
2026-08-08 20:32:49,1900-01-00 00:00:00,Wifi House ,98:25:4A:CA:FA:04,-54, WPA2 ,0.000000,0.000000,0.000,0.000,AP
2026-08-08 20:32:49,1900-01-00 00:00:00,Wifi House ,98:25:4A:CA:FA:04,-54, WPA2 ,0.000000,0.000000,0.000,0.000,AP
2026-08-08 20:32:49,1900-01-00 00:00:00,Wifi House ,98:25:4A:CA:FA:04,-55, WPA2 ,0.000000,0.000000,0.000,0.000,AP
2026-08-08 20:32:49,1900-01-00 00:00:00,Wifi House ,98:25:4A:CA:FA:04,-55, WPA2 ,0.000000,0.000000,0.000,0.000,AP
2026-08-08 20:32:49,1900-01-00 00:00:00,Wifi House ,98:25:4A:CA:FA:04,-55, WPA2 ,0.000000,0.000000,0.000,0.000,AP
2026-08-08 20:32:49,1900-01-00 00:00:00,Wifi House ,98:25:4A:CA:FA:04,-55, WPA2 ,0.000000,0.000000,0.000,0.000,AP
2026-08-08 20:32:49,1900-01-00 00:00:00,Wifi House ,98:25:4A:CA:FA:04,-55, WPA2 ,0.000000,0.000000,0.000,0.000,AP
2026-08-08 20:32:49,1900-01-00 00:00:00,Wifi House ,98:25:4A:CA:FA:04,-55, WPA2 ,0.000000,0.000000,0.000,0.000,AP
2026-08-08 20:32:49,1900-01-00 00:00:00,Wifi House ,98:25:4A:CA:FA:04,-54, WPA2 ,0.000000,0.000000,0.000,0.000,AP
2026-08-08 20:32:49,1900-01-00 00:00:00,Wifi House ,98:25:4A:CA:FA:04,-54, WPA2 ,0.000000,0.000000,0.000,0.000,AP
2026-08-08 20:32:49,1900-01-00 00:00:00,Wifi House ,98:25:4A:CA:FA:04,-54, WPA2 ,0.000000,0.000000,0.000,0.000,AP
2026-08-08 20:32:49,1900-01-00 00:00:00,Wifi House ,98:25:4A:CA:FA:04,-66, WPA2 ,0.000000,0.000000,0.000,0.000,AP
2026-08-08 20:32:49,1900-01-00 00:00:00,Wifi House ,98:25:4A:CA:FA:04,-66, WPA2 ,0.000000,0.000000,0.000,0.000,AP
2026-08-08 20:32:49,1900-01-00 00:00:00,Wifi House ,98:25:4A:CA:FA:04,-54, WPA2 ,0.000000,0.000000,0.000,0.000,AP
2026-08-08 20:32:49,1900-01-00 00:00:00,Wifi House ,98:25:4A:CA:FA:04,-54, WPA2 ,0.000000,0.000000,0.000,0.000,AP
2026-08-08 20:32:49,1900-01-00 00:00:00,Wifi House ,98:25:4A:CA:FA:04,-54, WPA2 ,0.000000,0.000000,0.000,0.000,AP
2026-08-08 20:32:49,1900-01-00 00:00:00,Wifi House ,98:25:4A:CA:FA:04,-54, WPA2 ,0.000000,0.000000,0.000,0.000,AP
2026-08-08 20:32:49,1900-01-00 00:00:00,Wifi House ,98:25:4A:CA:FA:04,-54, WPA2 ,0.000000,0.000000,0.000,0.000,AP
2026-08-08 20:32:49,1900-01-00 00:00:00,Wifi House ,98:25:4A:CA:FA:04,-54, WPA2 ,0.000000,0.000000,0.000,0.000,AP
2026-08-08 20:32:49,1900-01-00 00:00:00,Wifi House ,98:25:4A:CA:FA:04,-54, WPA2 ,0.000000,0.000000,0.000,0.000,AP
2026-08-08 20:32:49,1900-01-00 00:00:00,Wifi House ,98:25:4A:CA:FA:04,-54, WPA2 ,0.000000,0.000000,0.000,0.000,AP
2026-08-08 20:32:49,1900-01-00 00:00:00,Wifi House ,98:25:4A:CA:FA:04,-54, WPA2 ,0.000000,0.000000,0.000,0.000,AP
2026-08-08 20:32:49,1900-01-00 00:00:00,Wifi House ,98:25:4A:CA:FA:04,-54, WPA2 ,0.000000,0.000000,0.000,0.000,AP
2026-08-08 20:32:49,1900-01-00 00:00:00,Wifi House ,98:25:4A:CA:FA:04,-54, WPA2 ,0.000000,0.000000,0.000,0.000,AP
2026-08-08 20:32:49,1900-01-00 00:00:00,Wifi House ,98:25:4A:CA:FA:04,-60, WPA2 ,0.000000,0.000000,0.000,0.000,AP
2026-08-08 20:32:49,1900-01-00 00:00:00,Wifi House ,98:25:4A:CA:FA:04,-55, WPA2 ,0.000000,0.000000,0.000,0.000,AP
2026-08-08 20:32:49,1900-01-00 00:00:00,Wifi House ,98:25:4A:CA:FA:04,-55, WPA2 ,0.000000,0.000000,0.000,0.000,AP
2026-08-08 20:32:49,1900-01-00 00:00:00,Wifi House ,98:25:4A:CA:FA:04,-55, WPA2 ,0.000000,0.000000,0.000,0.000,AP
2026-08-08 20:32:49,1900-01-00 00:00:00,Wifi House ,98:25:4A:CA:FA:04,-55, WPA2 ,0.000000,0.000000,0.000,0.000,AP
2026-08-08 20:32:49,1900-01-00 00:00:00,Wifi House ,98:25:4A:CA:FA:04,-55, WPA2 ,0.000000,0.000000,0.000,0.000,AP
2026-08-08 20:32:49,1900-01-00 00:00:00,Wifi House ,98:25:4A:CA:FA:04,-55, WPA2 ,0.000000,0.000000,0.000,0.000,AP
2026-08-08 20:32:49,1900-01-00 00:00:00,Wifi House ,98:25:4A:CA:FA:04,-54, WPA2 ,0.000000,0.000000,0.000,0.000,AP
2026-08-08 20:32:49,1900-01-00 00:00:00,Wifi House ,98:25:4A:CA:FA:04,-54, WPA2 ,0.000000,0.000000,0.000,0.000,AP
2026-08-08 20:32:49,1900-01-00 00:00:00,Wifi House ,98:25:4A:CA:FA:04,-54, WPA2 ,0.000000,0.000000,0.000,0.000,AP
2026-08-08 20:32:49,1900-01-00 00:00:00,Wifi House ,98:25:4A:CA:FA:04,-54, WPA2 ,0.000000,0.000000,0.000,0.000,AP
2026-08-08 20:32:49,1900-01-00 00:00:00,Wifi House ,98:25:4A:CA:FA:04,-54, WPA2 ,0.000000,0.000000,0.000,0.000,AP
2026-08-08 20:32:49,1900-01-00 00:00:00,Wifi House ,98:25:4A:CA:FA:04,-54, WPA2 ,0.000000,0.000000,0.000,0.000,AP
2026-08-08 20:32:49,1900-01-00 00:00:00,Wifi House ,98:25:4A:CA:FA:04,-54, WPA2 ,0.000000,0.000000,0.000,0.000,AP
2026-08-08 20:32:49,1900-01-00 00:00:00,Wifi House ,98:25:4A:CA:FA:04,-55, WPA2 ,0.000000,0.000000,0.000,0.000,AP
2026-08-08 20:32:49,1900-01-00 00:00:00,Wifi House ,98:25:4A:CA:FA:04,-55, WPA2 ,0.000000,0.000000,0.000,0.000,AP
2026-08-08 20:32:49,1900-01-00 00:00:00,Wifi House ,98:25:4A:CA:FA:04,-55, WPA2 ,0.000000,0.000000,0.000,0.000,AP
2026-08-08 20:32:49,1900-01-00 00:00:00,Wifi House ,98:25:4A:CA:FA:04,-55, WPA2 ,0.000000,0.000000,0.000,0.000,AP
2026-08-08 20:32:49,1900-01-00 00:00:00,Wifi House ,98:25:4A:CA:FA:04,-55, WPA2 ,0.000000,0.000000,0.000,0.000,AP
2026-08-08 20:32:49,1900-01-00 00:00:00,Wifi House ,98:25:4A:CA:FA:04,-54, WPA2 ,0.000000,0.000000,0.000,0.000,AP
2026-08-08 20:32:49,1900-01-00 00:00:00,Wifi House ,98:25:4A:CA:FA:04,-54, WPA2 ,0.000000,0.000000,0.000,0.000,AP
2026-08-08 20:32:49,1900-01-00 00:00:00,Wifi House ,98:25:4A:CA:FA:04,-54, WPA2 ,0.000000,0.000000,0.000,0.000,AP
2026-08-08 20:32:49,1900-01-00 00:00:00,Wifi House ,98:25:4A:CA:FA:04,-54, WPA2 ,0.000000,0.000000,0.000,0.000,AP
2026-08-08 20:32:49,1900-01-00 00:00:00,Wifi House ,98:25:4A:CA:FA:04,-54, WPA2 ,0.000000,0.000000,0.000,0.000,AP
2026-08-08 20:32:49,1900-01-00 00:00:00,Wifi House ,98:25:4A:CA:FA:04,-55, WPA2 ,0.000000,0.000000,0.000,0.000,AP
2026-08-08 20:32:49,1900-01-00 00:00:00,Wifi House ,98:25:4A:CA:FA:04,-54, WPA2 ,0.000000,0.000000,0.000,0.000,AP
2026-08-08 20:32:49,1900-01-00 00:00:00,Wifi House ,98:25:4A:CA:FA:04,-54, WPA2 ,0.000000,0.000000,0.000,0.000,AP
2026-08-08 20:32:49,1900-01-00 00:00:00,Wifi House ,98:25:4A:CA:FA:04,-60, WPA2 ,0.000000,0.000000,0.000,0.000,AP
2026-08-08 20:32:49,1900-01-00 00:00:00,Wifi House ,98:25:4A:CA:FA:04,-60, WPA2 ,0.000000,0.000000,0.000,0.000,AP
2026-08-08 20:32:49,1900-01-00 00:00:00,Wifi House ,98:25:4A:CA:FA:04,-54, WPA2 ,0.000000,0.000000,0.000,0.000,AP
2026-08-08 20:32:49,1900-01-00 00:00:00,Wifi House ,98:25:4A:CA:FA:04,-54, WPA2 ,0.000000,0.000000,0.000,0.000,AP
2026-08-08 20:32:49,1900-01-00 00:00:00,Wifi House ,98:25:4A:CA:FA:04,-54, WPA2 ,0.000000,0.000000,0.000,0.000,AP
2026-08-08 20:32:49,1900-01-00 00:00:00,Wifi House ,98:25:4A:CA:FA:04,-54, WPA2 ,0.000000,0.000000,0.000,0.000,AP
2026-08-08 20:32:49,1900-01-00 00:00:00,Wifi House ,98:25:4A:CA:FA:04,-54, WPA2 ,0.000000,0.000000,0.000,0.000,AP
2026-08-08 20:32:49,1900-01-00 00:00:00,Wifi House ,98:25:4A:CA:FA:04,-54, WPA2 ,0.000000,0.000000,0.000,0.000,AP
2026-08-08 20:32:49,1900-01-00 00:00:00,Wifi House ,98:25:4A:CA:FA:04,-54, WPA2 ,0.000000,0.000000,0.000,0.000,AP
2026-08-08 20:32:49,1900-01-00 00:00:00,Wifi House ,98:25:4A:CA:FA:04,-54, WPA2 ,0.000000,0.000000,0.000,0.000,AP
2026-08-08 20:32:49,1900-01-00 00:00:00,Wifi House ,98:25:4A:CA:FA:04,-54, WPA2 ,0.000000,0.000000,0.000,0.000,AP
2026-08-08 20:32:49,1900-01-00 00:00:00,Wifi House ,98:25:4A:CA:FA:04,-54, WPA2 ,0.000000,0.000000,0.000,0.000,AP
2026-08-08 20:32:49,1900-01-00 00:00:00,Wifi House ,98:25:4A:CA:FA:04,-54, WPA2 ,0.000000,0.000000,0.000,0.000,AP
2026-08-08 20:32:49,1900-01-00 00:00:00,Wifi House ,98:25:4A:CA:FA:04,-54, WPA2 ,0.000000,0.000000,0.000,0.000,AP
2026-08-08 20:32:49,1900-01-00 00:00:00,Wifi House ,98:25:4A:CA:FA:04,-54, WPA2 ,0.000000,0.000000,0.000,0.000,AP
2026-08-08 20:32:49,1900-01-00 00:00:00,Wifi House ,98:25:4A:CA:FA:04,-54, WPA2 ,0.000000,0.000000,0.000,0.000,AP
2026-08-08 20:32:49,1900-01-00 00:00:00,Wifi House ,98:25:4A:CA:FA:04,-54, WPA2 ,0.000000,0.000000,0.000,0.000,AP
2026-08-08 20:32:49,1900-01-00 00:00:00,Wifi House ,98:25:4A:CA:FA:04,-54, WPA2 ,0.000000,0.000000,0.000,0.000,AP
2026-08-08 20:32:49,1900-01-00 00:00:00,Wifi House ,98:25:4A:CA:FA:04,-54, WPA2 ,0.000000,0.000000,0.000,0.000,AP
2026-08-08 20:32:49,1900-01-00 00:00:00,Wifi House ,98:25:4A:CA:FA:04,-54, WPA2 ,0.000000,0.000000,0.000,0.000,AP
2026-08-08 20:32:49,1900-01-00 00:00:00,Wifi House ,98:25:4A:CA:FA:04,-54, WPA2 ,0.000000,0.000000,0.000,0.000,AP
2026-08-08 20:32:49,1900-01-00 00:00:00,Wifi House ,98:25:4A:CA:FA:04,-54, WPA2 ,0.000000,0.000000,0.000,0.000,AP
2026-08-08 20:32:49,1900-01-00 00:00:00,Wifi House ,98:25:4A:CA:FA:04,-54, WPA2 ,0.000000,0.000000,0.000,0.000,AP
2026-08-08 20:32:49,1900-01-00 00:00:00,Wifi House ,98:25:4A:CA:FA:04,-54, WPA2 ,0.000000,0.000000,0.000,0.000,AP
2026-08-08 20:32:49,1900-01-00 00:00:00,Wifi House ,98:25:4A:CA:FA:04,-54, WPA2 ,0.000000,0.000000,0.000,0.000,AP
2026-08-08 20:32:49,1900-01-00 00:00:00,Wifi House ,98:25:4A:CA:FA:04,-54, WPA2 ,0.000000,0.000000,0.000,0.000,AP
2026-08-08 20:32:49,1900-01-00 00:00:00,Wifi House ,98:25:4A:CA:FA:04,-54, WPA2 ,0.000000,0.000000,0.000,0.000,AP
2026-08-08 20:32:49,1900-01-00 00:00:00,Wifi House ,98:25:4A:CA:FA:04,-54, WPA2 ,0.000000,0.000000,0.000,0.000,AP
2026-08-08 20:32:49,1900-01-00 00:00:00,Wifi House ,98:25:4A:CA:FA:04,-54, WPA2 ,0.000000,0.000000,0.000,0.000,AP
2026-08-08 20:32:49,1900-01-00 00:00:00,Wifi House ,98:25:4A:CA:FA:04,-64, WPA2 ,0.000000,0.000000,0.000,0.000,AP
2026-08-08 20:32:49,1900-01-00 00:00:00,Wifi House ,98:25:4A:CA:FA:04,-64, WPA2 ,0.000000,0.000000,0.000,0.000,AP
2026-08-08 20:32:49,1900-01-00 00:00:00,Wifi House ,98:25:4A:CA:FA:04,-63, WPA2 ,0.000000,0.000000,0.000,0.000,AP
2026-08-08 20:32:49,1900-01-00 00:00:00,Wifi House ,98:25:4A:CA:FA:04,-80, WPA2 ,0.000000,0.000000,0.000,0.000,AP
2026-08-08 20:32:49,1900-01-00 00:00:00,Wifi House ,98:25:4A:CA:FA:04,-80, WPA2 ,0.000000,0.000000,0.000,0.000,AP
2026-08-08 20:32:49,1900-01-00 00:00:00,Wifi House ,98:25:4A:CA:FA:04,-80, WPA2 ,0.000000,0.000000,0.000,0.000,AP
2026-08-08 20:32:49,1900-01-00 00:00:00,Wifi House ,98:25:4A:CA:FA:04,-80, WPA2 ,0.000000,0.000000,0.000,0.000,AP
2026-08-08 20:32:49,1900-01-00 00:00:00,Wifi House ,98:25:4A:CA:FA:04,-80, WPA2 ,0.000000,0.000000,0.000,0.000,AP
2026-08-08 20:32:49,1900-01-00 00:00:00,Wifi House ,98:25:4A:CA:FA:04,-80, WPA2 ,0.000000,0.000000,0.000,0.000,AP
2026-08-08 20:32:49,1900-01-00 00:00:00,Wifi House ,98:25:4A:CA:FA:04,-80, WPA2 ,0.000000,0.000000,0.000,0.000,AP
2026-08-08 20:32:49,1900-01-00 00:00:00,Wifi House ,98:25:4A:CA:FA:04,-80, WPA2 ,0.000000,0.000000,0.000,0.000,AP
2026-08-08 20:32:49,1900-01-00 00:00:00,Wifi House ,98:25:4A:CA:FA:04,-80, WPA2 ,0.000000,0.000000,0.000,0.000,AP
2026-08-08 20:32:49,1900-01-00 00:00:00,Wifi House ,98:25:4A:CA:FA:04,-80, WPA2 ,0.000000,0.000000,0.000,0.000,AP
2026-08-08 20:32:49,1900-01-00 00:00:00,Wifi House ,98:25:4A:CA:FA:04,-80, WPA2 ,0.000000,0.000000,0.000,0.000,AP
2026-08-08 20:32:49,1900-01-00 00:00:00,Wifi House ,98:25:4A:CA:FA:04,-80, WPA2 ,0.000000,0.000000,0.000,0.000,AP
2026-08-08 20:32:49,1900-01-00 00:00:00,Wifi House ,98:25:4A:CA:FA:04,-80, WPA2 ,0.000000,0.000000,0.000,0.000,AP
2026-08-08 20:32:49,1900-01-00 00:00:00,Wifi House ,98:25:4A:CA:FA:04,-80, WPA2 ,0.000000,0.000000,0.000,0.000,AP
2026-08-08 20:32:49,1900-01-00 00:00:00,Wifi House ,98:25:4A:CA:FA:04,-80, WPA2 ,0.000000,0.000000,0.000,0.000,AP
2026-08-08 20:32:49,1900-01-00 00:00:00,Wifi House ,98:25:4A:CA:FA:04,-80, WPA2 ,0.000000,0.000000,0.000,0.000,AP
2026-08-08 20:32:49,1900-01-00 00:00:00,Wifi House ,98:25:4A:CA:FA:04,-80, WPA2 ,0.000000,0.000000,0.000,0.000,AP
2026-08-08 20:32:49,1900-01-00 00:00:00,Wifi House ,98:25:4A:CA:FA:04,-80, WPA2 ,0.000000,0.000000,0.000,0.000,AP
2026-08-08 20:32:49,1900-01-00 00:00:00,Wifi House ,98:25:4A:CA:FA:04,-80, WPA2 ,0.000000,0.000000,0.000,0.000,AP
2026-08-08 20:32:49,1900-01-00 00:00:00,Wifi House ,98:25:4A:CA:FA:04,-80, WPA2 ,0.000000,0.000000,0.000,0.000,AP
2026-08-08 20:32:49,1900-01-00 00:00:00,Wifi House ,98:25:4A:CA:FA:04,-80, WPA2 ,0.000000,0.000000,0.000,0.000,AP
2026-08-08 20:32:49,1900-01-00 00:00:00,Wifi House ,98:25:4A:CA:FA:04,-80, WPA2 ,0.000000,0.000000,0.000,0.000,AP
2026-08-08 20:32:49,1900-01-00 00:00:00,Wifi House ,98:25:4A:CA:FA:04,-80, WPA2 ,0.000000,0.000000,0.000,0.000,AP
2026-08-08 20:32:49,1900-01-00 00:00:00,Wifi House ,98:25:4A:CA:FA:04,-80, WPA2 ,0.000000,0.000000,0.000,0.000,AP
2026-08-08 20:32:49,1900-01-00 00:00:00,Wifi House ,98:25:4A:CA:FA:04,-80, WPA2 ,0.000000,0.000000,0.000,0.000,AP
2026-08-08 20:32:49,1900-01-00 00:00:00,Wifi House ,98:25:4A:CA:FA:04,-80, WPA2 ,0.000000,0.000000,0.000,0.000,AP
2026-08-08 20:32:49,1900-01-00 00:00:00,Wifi House ,98:25:4A:CA:FA:04,-80, WPA2 ,0.000000,0.000000,0.000,0.000,AP
2026-08-08 20:32:49,1900-01-00 00:00:00,Wifi House ,98:25:4A:CA:FA:04,-80, WPA2 ,0.000000,0.000000,0.000,0.000,AP
2026-08-08 20:32:49,1900-01-00 00:00:00,Wifi House ,98:25:4A:CA:FA:04,-80, WPA2 ,0.000000,0.000000,0.000,0.000,AP
2026-08-08 20:32:49,1900-01-00 00:00:00,Wifi House ,98:25:4A:CA:FA:04,-80, WPA2 ,0.000000,0.000000,0.000,0.000,AP
2026-08-08 20:32:49,1900-01-00 00:00:00,Wifi House ,98:25:4A:CA:FA:04,-80, WPA2 ,0.000000,0.000000,0.000,0.000,AP
2026-08-08 20:32:49,1900-01-00 00:00:00,Wifi House ,98:25:4A:CA:FA:04,-80, WPA2 ,0.000000,0.000000,0.000,0.000,AP
2026-08-08 20:32:49,1900-01-00 00:00:00,Wifi House ,98:25:4A:CA:FA:04,-80, WPA2 ,0.000000,0.000000,0.000,0.000,AP
2026-08-08 20:32:49,1900-01-00 00:00:00,Wifi House ,98:25:4A:CA:FA:04,-80, WPA2 ,0.000000,0.000000,0.000,0.000,AP
2026-08-08 20:32:49,1900-01-00 00:00:00,Wifi House ,98:25:4A:CA:FA:04,-80, WPA2 ,0.000000,0.000000,0.000,0.000,AP
2026-08-08 20:32:49,1900-01-00 00:00:00,Wifi House ,98:25:4A:CA:FA:04,-80, WPA2 ,0.000000,0.000000,0.000,0.000,AP
2026-08-08 20:32:49,1900-01-00 00:00:00,Wifi House ,98:25:4A:CA:FA:04,-80, WPA2 ,0.000000,0.000000,0.000,0.000,AP
2026-08-08 20:32:49,1900-01-00 00:00:00,Wifi House ,98:25:4A:CA:FA:04,-80, WPA2 ,0.000000,0.000000,0.000,0.000,AP
2026-08-08 20:32:49,1900-01-00 00:00:00,Wifi House ,98:25:4A:CA:FA:04,-80, WPA2 ,0.000000,0.000000,0.000,0.000,AP
2026-08-08 20:32:50,1900-01-00 00:00:00,Wifi House ,98:25:4A:CA:FA:04,-80, WPA2 ,0.000000,0.000000,0.000,0.000,AP
